path,bytes,sha256
/root/autodl-tmp/value_alignment_benchmark/data/kvs_active_protocol_rows.parquet,108711,98f7c605e7d4a2f39da1d863f2f43b6766f678187819aaf5093ec590711cdcc2
/root/autodl-tmp/value_alignment_benchmark/data/aita_cleaned_evaluation.parquet,4503591,b184c6c81b8427cd1ca559c4db5bfdecf0f12406122f2a9ab7d95a1a1e033b9d
/root/autodl-tmp/value_alignment_benchmark/results/raw/paper_0726c6bf1530_7df3e726/kvs/sft__control__seed13.parquet,75164,ac1f2ff0fa4d36264303d4076abdd2d2a9b8b2eba7e7485911be6f4343f22139
/root/autodl-tmp/value_alignment_benchmark/results/raw/paper_0726c6bf1530_7df3e726/kvs/sft__control__seed13.DONE,376,49d80b555b291fe6d3df582d5ed0320c46c3d69cdc1b713f2fca94e778265002
/root/autodl-tmp/value_alignment_benchmark/results/raw/paper_0726c6bf1530_7df3e726/kvs/sft__Self_direction__seed13.parquet,75429,4129f832c646c974f8c2f148873ab4277e9139a1772f824f0fae1de27c3f7aed
/root/autodl-tmp/value_alignment_benchmark/results/raw/paper_0726c6bf1530_7df3e726/kvs/sft__Self_direction__seed13.DONE,383,965b09c27e49ded943445d951c13d31b44c0f168156072cd3c7d19a52aa6aaf1
/root/autodl-tmp/value_alignment_benchmark/results/raw/paper_0726c6bf1530_7df3e726/kvs/sft__Stimulation__seed13.parquet,75630,c477cd448239f3c08ff4783816a5a4bf1914405866d0b1cd02f7b6d29d135b55
/root/autodl-tmp/value_alignment_benchmark/results/raw/paper_0726c6bf1530_7df3e726/kvs/sft__Stimulation__seed13.DONE,379,f1d28723aa0e4fb01b15c254516f9fb08b6882bba5c0799441ae2f0e8185a402
/root/autodl-tmp/value_alignment_benchmark/results/raw/paper_0726c6bf1530_7df3e726/kvs/sft__Hedonism__seed13.parquet,74891,b98660fac82bbdd5db07065ae256ea327cc62d7dbe4a33f4cd6e93fae497eb4f
/root/autodl-tmp/value_alignment_benchmark/results/raw/paper_0726c6bf1530_7df3e726/kvs/sft__Hedonism__seed13.DONE,377,22a821aa8ca720793c1e1109de5f5b5dba24466b7c8a3b1c99a908964480db44
/root/autodl-tmp/value_alignment_benchmark/results/raw/paper_0726c6bf1530_7df3e726/kvs/sft__Achievement__seed13.parquet,75324,27ed78e7c05184578fd26b01d6ccc2587dbc23347c19b75b1f6101034e22749c
/root/autodl-tmp/value_alignment_benchmark/results/raw/paper_0726c6bf1530_7df3e726/kvs/sft__Achievement__seed13.DONE,379,fe87a70589dd016ac21315ce27cc31dda36eba2ae934471d900fedbae8409175
/root/autodl-tmp/value_alignment_benchmark/results/raw/paper_0726c6bf1530_7df3e726/kvs/sft__Power__seed13.parquet,75449,44e413d4453774f42fb5209fe1eeba11ea6f73d6774e7f3470a7116c8357cdf5
/root/autodl-tmp/value_alignment_benchmark/results/raw/paper_0726c6bf1530_7df3e726/kvs/sft__Power__seed13.DONE,373,1694175e1c51ab05f6f4905fb17b98a7c18870f903e495f9e802b5dbc6a1c467
/root/autodl-tmp/value_alignment_benchmark/results/raw/paper_0726c6bf1530_7df3e726/kvs/sft__Security__seed13.parquet,75469,8842bf65e7f4d5eae4f5631edb5e1847f974f6b82370255dd3158b41ce84e715
/root/autodl-tmp/value_alignment_benchmark/results/raw/paper_0726c6bf1530_7df3e726/kvs/sft__Security__seed13.DONE,377,93ab7d8c0b539c57949071b9718b00b5951ebb6d88c593ef5ff2da7fdb970bfe
/root/autodl-tmp/value_alignment_benchmark/results/raw/paper_0726c6bf1530_7df3e726/kvs/sft__Conformity__seed13.parquet,75517,dda474e8bcd6038e3c2c54cf231cb0ba0fb25fcc1245f580454f6309fb2205fb
/root/autodl-tmp/value_alignment_benchmark/results/raw/paper_0726c6bf1530_7df3e726/kvs/sft__Conformity__seed13.DONE,379,ad7faefe6b3e80a4dc0821fd36d55385cb61bca14cd6f33e184b2f0a9ee1c11d
/root/autodl-tmp/value_alignment_benchmark/results/raw/paper_0726c6bf1530_7df3e726/kvs/sft__Tradition__seed13.parquet,75467,b2679a9b0a5c752050fac01756e058a824db629c0e58fdc5ecdc48cf11e1210c
/root/autodl-tmp/value_alignment_benchmark/results/raw/paper_0726c6bf1530_7df3e726/kvs/sft__Tradition__seed13.DONE,377,afc0b219ae7e15e1ec4be1ddcab3c06f71e3c126bbf5b7600b450418db6902e1
/root/autodl-tmp/value_alignment_benchmark/results/raw/paper_0726c6bf1530_7df3e726/kvs/sft__Benevolence__seed13.parquet,75365,9cf88149c43e8cfdc9805571f6e8405a85c12169820a3b7a8dd095482c6117e5
/root/autodl-tmp/value_alignment_benchmark/results/raw/paper_0726c6bf1530_7df3e726/kvs/sft__Benevolence__seed13.DONE,378,bc65af18e6d14da446b87bacd672b5ee89bc52a8fc77a5a8e54f36c94a2391bc
/root/autodl-tmp/value_alignment_benchmark/results/raw/paper_0726c6bf1530_7df3e726/kvs/sft__Universalism__seed13.parquet,75486,b4268e9ff0d8b7394d52bfe94a55ae7bf661867f202960260398ce4012ab4454
/root/autodl-tmp/value_alignment_benchmark/results/raw/paper_0726c6bf1530_7df3e726/kvs/sft__Universalism__seed13.DONE,380,fb706bf7d174e40362d866a6c882797ca25684478196a0ccf4f8310d920d8055
/root/autodl-tmp/value_alignment_benchmark/results/raw/paper_0726c6bf1530_7df3e726/kvs/dpo__control__seed13.parquet,75016,d58947e6ef34334e782c6b893ee27657ef63c00375111acf0affd56bc382d7d1
/root/autodl-tmp/value_alignment_benchmark/results/raw/paper_0726c6bf1530_7df3e726/kvs/dpo__control__seed13.DONE,375,c36584ae721d053b13678c80b90c8f1b073bdce7a7342f2bb574e88010d287c7
/root/autodl-tmp/value_alignment_benchmark/results/raw/paper_0726c6bf1530_7df3e726/kvs/dpo__Self_direction__seed13.parquet,75244,9d302cfad6edb2ee850f27557c0cba6a1f87e9ad948eacfa3f66b0c33e547dfd
/root/autodl-tmp/value_alignment_benchmark/results/raw/paper_0726c6bf1530_7df3e726/kvs/dpo__Self_direction__seed13.DONE,383,c412ee7e8476cfb221c5f4ab49e4e77ca330923dc372f144d51e1b775783fe2f
/root/autodl-tmp/value_alignment_benchmark/results/raw/paper_0726c6bf1530_7df3e726/kvs/dpo__Stimulation__seed13.parquet,75168,be967dedd3cbd3e8e5f4c1b1dae49ebb26e5905229c371b6d321ac726da2447c
/root/autodl-tmp/value_alignment_benchmark/results/raw/paper_0726c6bf1530_7df3e726/kvs/dpo__Stimulation__seed13.DONE,379,15bb41b8cce7211f693322d02cc1b3e18fbeb2ba95678d2f2e5b83d4bae89be7
/root/autodl-tmp/value_alignment_benchmark/results/raw/paper_0726c6bf1530_7df3e726/kvs/dpo__Hedonism__seed13.parquet,75221,ad01060cbbddfec0c551879305967643cc341378b2ab013fb594422ff8335363
/root/autodl-tmp/value_alignment_benchmark/results/raw/paper_0726c6bf1530_7df3e726/kvs/dpo__Hedonism__seed13.DONE,376,15afb98b6f3ac3c8392927dd4cb1053e927c41f54df2d2a0e03c0f9bfd719982
/root/autodl-tmp/value_alignment_benchmark/results/raw/paper_0726c6bf1530_7df3e726/kvs/dpo__Achievement__seed13.parquet,75236,c6f46c75832b37771fbfe497ae984488d5e4cc39a2c675c7c919bc61ed7e2a36
/root/autodl-tmp/value_alignment_benchmark/results/raw/paper_0726c6bf1530_7df3e726/kvs/dpo__Achievement__seed13.DONE,379,ed6b3c3fc7bc266cc01dc13dab778e3d3ec1de35e371e6b8bc07e78e207effa8
/root/autodl-tmp/value_alignment_benchmark/results/raw/paper_0726c6bf1530_7df3e726/kvs/dpo__Power__seed13.parquet,75108,43f53f7cc78d03d3e5e97641e3eb69bb67a0211cca933dd71e5e538d7869e800
/root/autodl-tmp/value_alignment_benchmark/results/raw/paper_0726c6bf1530_7df3e726/kvs/dpo__Power__seed13.DONE,372,ce19f6f9f38f127bae4cf07bb1ee6432a9ea7135217567ad795ca210395820c9
/root/autodl-tmp/value_alignment_benchmark/results/raw/paper_0726c6bf1530_7df3e726/kvs/dpo__Security__seed13.parquet,75156,57a06feff68be317d2835af96a7bbd0dd4558879204d3924ca3d6da1e0daa7b1
/root/autodl-tmp/value_alignment_benchmark/results/raw/paper_0726c6bf1530_7df3e726/kvs/dpo__Security__seed13.DONE,377,2093cdc768cb72691db9ed6a809da9fa394ee56f81fd781329237813c2b82c59
/root/autodl-tmp/value_alignment_benchmark/results/raw/paper_0726c6bf1530_7df3e726/kvs/dpo__Conformity__seed13.parquet,75217,d74a059c6b27927c56d6e9165f2462a0e0064365852a0cef01e50e1abae03840
/root/autodl-tmp/value_alignment_benchmark/results/raw/paper_0726c6bf1530_7df3e726/kvs/dpo__Conformity__seed13.DONE,379,3c212a57f29aeeaec26c75dd5c9cf8206e6d310fec84d6d618b4c2b44af42114
/root/autodl-tmp/value_alignment_benchmark/results/raw/paper_0726c6bf1530_7df3e726/kvs/dpo__Tradition__seed13.parquet,75224,65d5025d1fd3d906ee1a4951ffbded28f7e59becb6c6c96dcd9870221002dba2
/root/autodl-tmp/value_alignment_benchmark/results/raw/paper_0726c6bf1530_7df3e726/kvs/dpo__Tradition__seed13.DONE,378,495eb3088d5ec182b94ce81089a630cc9f45fd4783afd0c9e52033d5ff4b368f
/root/autodl-tmp/value_alignment_benchmark/results/raw/paper_0726c6bf1530_7df3e726/kvs/dpo__Benevolence__seed13.parquet,75213,d9c6f4d79c166dbe1334a7a9e27e1cf4b9465d71523f1cef733c20d92b797c85
/root/autodl-tmp/value_alignment_benchmark/results/raw/paper_0726c6bf1530_7df3e726/kvs/dpo__Benevolence__seed13.DONE,379,9520830d13a6701aace59ee7cd79004012d21f1f3dab0f9bb46f3c6b5d688279
/root/autodl-tmp/value_alignment_benchmark/results/raw/paper_0726c6bf1530_7df3e726/kvs/dpo__Universalism__seed13.parquet,75301,9385bcc5ac845ff422e4145b4db3708c1e15baf22e6f83bbe5564e8dc1639bf5
/root/autodl-tmp/value_alignment_benchmark/results/raw/paper_0726c6bf1530_7df3e726/kvs/dpo__Universalism__seed13.DONE,380,2c2ac39d3ab74dfaf3d658949d116e09df232ea5432faa570ae19a56af1323fa
/root/autodl-tmp/value_alignment_benchmark/results/raw/paper_0726c6bf1530_7df3e726/kvs/hypo__control__seed13.parquet,75180,f33c39748dc3cede1540a22fafcc36e0f88915b2f934c0ffce3d38673e15d70f
/root/autodl-tmp/value_alignment_benchmark/results/raw/paper_0726c6bf1530_7df3e726/kvs/hypo__control__seed13.DONE,376,bd1591e01fe799186304b0a18018ccd0dfcf6c38f8e56063f80be454be48b7c3
/root/autodl-tmp/value_alignment_benchmark/results/raw/paper_0726c6bf1530_7df3e726/kvs/hypo__Self_direction__seed13.parquet,75245,eaf10d807a7c51ca2f8f47115560f9a874a3de07959744b335b87e4abb189ff8
/root/autodl-tmp/value_alignment_benchmark/results/raw/paper_0726c6bf1530_7df3e726/kvs/hypo__Self_direction__seed13.DONE,383,9bae477f56f1049dbe3c2f5d29376641896206edee8dbf56b432cc3fc3dfe211
/root/autodl-tmp/value_alignment_benchmark/results/raw/paper_0726c6bf1530_7df3e726/kvs/hypo__Stimulation__seed13.parquet,75259,6553eeb5f74328df95a6e5ef452cd57aaa4127efa3a522ffa78debd0c1b0ff03
/root/autodl-tmp/value_alignment_benchmark/results/raw/paper_0726c6bf1530_7df3e726/kvs/hypo__Stimulation__seed13.DONE,380,03237fc8fc26c0193c06f26c98a025d200e8d1713a13fb7a801f055ede7790c0
/root/autodl-tmp/value_alignment_benchmark/results/raw/paper_0726c6bf1530_7df3e726/kvs/hypo__Hedonism__seed13.parquet,75189,1f86ef3398f7ea75873100669f23b0a5f56614a09402c6e7ad3bde2abf7fc581
/root/autodl-tmp/value_alignment_benchmark/results/raw/paper_0726c6bf1530_7df3e726/kvs/hypo__Hedonism__seed13.DONE,377,cb4b4e2826649d96e725457d0acee82fe8c389addee47757a9faf09f0098277a
/root/autodl-tmp/value_alignment_benchmark/results/raw/paper_0726c6bf1530_7df3e726/kvs/hypo__Achievement__seed13.parquet,75115,b2caff9af04c075e448a6ae021070610c7840e1bf14879dc15328773587420bf
/root/autodl-tmp/value_alignment_benchmark/results/raw/paper_0726c6bf1530_7df3e726/kvs/hypo__Achievement__seed13.DONE,380,f02e0aae6fd23979b5b7cc6ea9f0e9f28b86678843ce9d5d6dea960555309474
/root/autodl-tmp/value_alignment_benchmark/results/raw/paper_0726c6bf1530_7df3e726/kvs/hypo__Power__seed13.parquet,75221,374a88bf3bdfc7accb4909911932019025a885cfe2ff0f364cc2bee693f66a9a
/root/autodl-tmp/value_alignment_benchmark/results/raw/paper_0726c6bf1530_7df3e726/kvs/hypo__Power__seed13.DONE,374,5b16deca3a2d41a99e336e910b77cf76002edf8b9b5c77fb397f79c2b73aa57d
/root/autodl-tmp/value_alignment_benchmark/results/raw/paper_0726c6bf1530_7df3e726/kvs/hypo__Security__seed13.parquet,75210,e74c65dc683fed6a89e38b4ea238cd2e77e6cbd3aa712d21f1de2207e23b06e9
/root/autodl-tmp/value_alignment_benchmark/results/raw/paper_0726c6bf1530_7df3e726/kvs/hypo__Security__seed13.DONE,376,438ad6f78eb4ec7b3f5f62c357fb7d9deaa694cbf111371bcc890d9dd0163285
/root/autodl-tmp/value_alignment_benchmark/results/raw/paper_0726c6bf1530_7df3e726/kvs/hypo__Conformity__seed13.parquet,75211,08293d3e352aa0087ef2cbfa0897e1ae2841a01ff2a204159ce67cdb8138eb0c
/root/autodl-tmp/value_alignment_benchmark/results/raw/paper_0726c6bf1530_7df3e726/kvs/hypo__Conformity__seed13.DONE,380,1d6daa6c6b88ee16d196dd10303302eaa7c68180d9c64e466b4828468791ce9d
/root/autodl-tmp/value_alignment_benchmark/results/raw/paper_0726c6bf1530_7df3e726/kvs/hypo__Tradition__seed13.parquet,75266,a88407676c33a20517b151249fb8f2323c3f4a822e093658725cf8c5ab880ac3
/root/autodl-tmp/value_alignment_benchmark/results/raw/paper_0726c6bf1530_7df3e726/kvs/hypo__Tradition__seed13.DONE,378,8940d39ef93e6e5ad7b77653b8e197f1715427b2057d80492f70da75f0053478
/root/autodl-tmp/value_alignment_benchmark/results/raw/paper_0726c6bf1530_7df3e726/kvs/hypo__Benevolence__seed13.parquet,75217,70be530381390a3fe80d773dbd600d292ec7d1d356e750e4d5e1f109b80d5a88
/root/autodl-tmp/value_alignment_benchmark/results/raw/paper_0726c6bf1530_7df3e726/kvs/hypo__Benevolence__seed13.DONE,380,ab92cb85d58fd845ad1a371372c9bc365297ec6b6d7d98c01cf1a466032e4786
/root/autodl-tmp/value_alignment_benchmark/results/raw/paper_0726c6bf1530_7df3e726/kvs/hypo__Universalism__seed13.parquet,75210,791763556ecca40a453f724e81e5888c681e63c7414a9167be57ed3c5739d823
/root/autodl-tmp/value_alignment_benchmark/results/raw/paper_0726c6bf1530_7df3e726/kvs/hypo__Universalism__seed13.DONE,382,58cc2d0de7d9c66244d72ecc02a118d9dc46d7ddd7027a01d6a7cb8153c2374b
/root/autodl-tmp/value_alignment_benchmark/results/raw/paper_0726c6bf1530_7df3e726/kvs/ipo__control__seed13.parquet,75149,6570994ecff52858af28fd548fe3ff79002a899b64babcd3c7678bd12c66c418
/root/autodl-tmp/value_alignment_benchmark/results/raw/paper_0726c6bf1530_7df3e726/kvs/ipo__control__seed13.DONE,374,afbec917788692f0ed930ecbd04c7d24db94da92df613e92f6f0483f1630f118
/root/autodl-tmp/value_alignment_benchmark/results/raw/paper_0726c6bf1530_7df3e726/kvs/ipo__Self_direction__seed13.parquet,75113,2c4ca49c2fce5602f3ce7f64bb2a487c7115b906ecb6b1cc65ff9caf475e3fca
/root/autodl-tmp/value_alignment_benchmark/results/raw/paper_0726c6bf1530_7df3e726/kvs/ipo__Self_direction__seed13.DONE,382,eb235cc0c22c17dd308b08bd73bef3e16e2a8ac7fdebb0734e6b6b841f65b63e
/root/autodl-tmp/value_alignment_benchmark/results/raw/paper_0726c6bf1530_7df3e726/kvs/ipo__Stimulation__seed13.parquet,75212,f0d2802b9ad7d397f507d31b93bae9584b48056d5b51f0a79d54934ccebf48a9
/root/autodl-tmp/value_alignment_benchmark/results/raw/paper_0726c6bf1530_7df3e726/kvs/ipo__Stimulation__seed13.DONE,380,7ca73a45173e092a58b1df6877e5c57436f67c83a1f498b202c7754b34f64f59
/root/autodl-tmp/value_alignment_benchmark/results/raw/paper_0726c6bf1530_7df3e726/kvs/ipo__Hedonism__seed13.parquet,75216,9430adf3de646683db71bb5194edef74bd205821e4ca058fb6fad01b938e61e7
/root/autodl-tmp/value_alignment_benchmark/results/raw/paper_0726c6bf1530_7df3e726/kvs/ipo__Hedonism__seed13.DONE,376,1f8e1fc8bf86e050e112704ff4a2d1188631963e6b2e7aba86ce757f338a4cb5
/root/autodl-tmp/value_alignment_benchmark/results/raw/paper_0726c6bf1530_7df3e726/kvs/ipo__Achievement__seed13.parquet,75265,9b784251c1f0544f180fd741a16030121ca086de99d19ec33548a47a2d4e13a3
/root/autodl-tmp/value_alignment_benchmark/results/raw/paper_0726c6bf1530_7df3e726/kvs/ipo__Achievement__seed13.DONE,380,f8d35177025dee0410c7c2e8f713bc362bc7dd28402e18027aa107a8c5b4391a
/root/autodl-tmp/value_alignment_benchmark/results/raw/paper_0726c6bf1530_7df3e726/kvs/ipo__Power__seed13.parquet,75134,8d2e41426ac64ccae9ab8009ab43f4f4ee9e18a720f9058bcd0f5b7e1527ded6
/root/autodl-tmp/value_alignment_benchmark/results/raw/paper_0726c6bf1530_7df3e726/kvs/ipo__Power__seed13.DONE,373,104937ae9e40ac626427d59ac1ddca4db95d023b837aa959f594e9b2888bce9a
/root/autodl-tmp/value_alignment_benchmark/results/raw/paper_0726c6bf1530_7df3e726/kvs/ipo__Security__seed13.parquet,75160,2dd3cc89d49c7632cad548bc4f81de5c7adaf3f4d688b054fe1b653a6bb08ccd
/root/autodl-tmp/value_alignment_benchmark/results/raw/paper_0726c6bf1530_7df3e726/kvs/ipo__Security__seed13.DONE,377,e363cb478dfdd57393c1068b9aa4651edf0a652aa1455125a05d67cf2d1c98b4
/root/autodl-tmp/value_alignment_benchmark/results/raw/paper_0726c6bf1530_7df3e726/kvs/ipo__Conformity__seed13.parquet,75128,03064245d81ceb162a73dd34f9c1d650a900c0ce735d85bb3703ba05417086c1
/root/autodl-tmp/value_alignment_benchmark/results/raw/paper_0726c6bf1530_7df3e726/kvs/ipo__Conformity__seed13.DONE,379,125948fafcadcbe6720597913d8f650d5857ba64ccb02e07b9ff2580e880b77f
/root/autodl-tmp/value_alignment_benchmark/results/raw/paper_0726c6bf1530_7df3e726/kvs/ipo__Tradition__seed13.parquet,75218,49b61bab6c148cc2d6fea39248359bfa257372f6994d9a604e8d10c6004a9fab
/root/autodl-tmp/value_alignment_benchmark/results/raw/paper_0726c6bf1530_7df3e726/kvs/ipo__Tradition__seed13.DONE,378,77d0777e1ca4b716621bb9119fa40090fb935e99278c2f7818db655cf3bd70a5
/root/autodl-tmp/value_alignment_benchmark/results/raw/paper_0726c6bf1530_7df3e726/kvs/ipo__Benevolence__seed13.parquet,75165,d756ac9230e4329978342354eb699054afdf454d9bf74da0f1cff15acd258a77
/root/autodl-tmp/value_alignment_benchmark/results/raw/paper_0726c6bf1530_7df3e726/kvs/ipo__Benevolence__seed13.DONE,378,280891c3bb0781777b564e6ab7428357c2e635afefc48ae78e60523e9f1bd902
/root/autodl-tmp/value_alignment_benchmark/results/raw/paper_0726c6bf1530_7df3e726/kvs/ipo__Universalism__seed13.parquet,75277,6e51a26e3a4c2b0d1541d6b2a80d207ab3c83ef8a2b64e1d114cece395a40408
/root/autodl-tmp/value_alignment_benchmark/results/raw/paper_0726c6bf1530_7df3e726/kvs/ipo__Universalism__seed13.DONE,380,dfa62fc6d758cf12b62578fefa3972a13ead9a35d64a46955601887f50cdb636
/root/autodl-tmp/value_alignment_benchmark/results/raw/paper_0726c6bf1530_7df3e726/kvs/simpo__control__seed13.parquet,75149,fca7e869f2bcad82a893c7852af00f6d8bb5fe5f808984f3c820ea1c4e86530e
/root/autodl-tmp/value_alignment_benchmark/results/raw/paper_0726c6bf1530_7df3e726/kvs/simpo__control__seed13.DONE,378,02bec7d8ba584db3e34b521eb20e80dd3fb5408b7a47c64aa5c5f9a5f9f3a7fd
/root/autodl-tmp/value_alignment_benchmark/results/raw/paper_0726c6bf1530_7df3e726/kvs/simpo__Self_direction__seed13.parquet,75258,38b7b2f4f267b7c00bd9adea439285c2640d32b7e0cd9a7881cdef2a39c65307
/root/autodl-tmp/value_alignment_benchmark/results/raw/paper_0726c6bf1530_7df3e726/kvs/simpo__Self_direction__seed13.DONE,383,36c9d46fb8eb028876d6e37e2629b0a096b8b5007baa30330812d15428cc7320
/root/autodl-tmp/value_alignment_benchmark/results/raw/paper_0726c6bf1530_7df3e726/kvs/simpo__Stimulation__seed13.parquet,75231,9797ef080d5e09eba499edacf45c06893b813d9be06c9ad5451ef802a715237b
/root/autodl-tmp/value_alignment_benchmark/results/raw/paper_0726c6bf1530_7df3e726/kvs/simpo__Stimulation__seed13.DONE,381,bd2429631700a581f7e34b4fc983a13c595a994667bfde49d1a18e805e8b1b7d
/root/autodl-tmp/value_alignment_benchmark/results/raw/paper_0726c6bf1530_7df3e726/kvs/simpo__Hedonism__seed13.parquet,75182,8685d34d38832b7d2067716a4207f7658489d0887a3d0b41291d76f4c318856d
/root/autodl-tmp/value_alignment_benchmark/results/raw/paper_0726c6bf1530_7df3e726/kvs/simpo__Hedonism__seed13.DONE,379,0a3e3173310be594067589e274654fc851aad7c1120afb49d3775f0a5a7a055d
/root/autodl-tmp/value_alignment_benchmark/results/raw/paper_0726c6bf1530_7df3e726/kvs/simpo__Achievement__seed13.parquet,75217,20dde12fa2e95ab26e1e2ae3cb2da295417d9d50b757d9f2a2a752ab0b15058b
/root/autodl-tmp/value_alignment_benchmark/results/raw/paper_0726c6bf1530_7df3e726/kvs/simpo__Achievement__seed13.DONE,381,9ee44a5a08fa28a8600edd6c9cb926fb1031f9a2e95f78ed70c02e0c1ea0a00d
/root/autodl-tmp/value_alignment_benchmark/results/raw/paper_0726c6bf1530_7df3e726/kvs/simpo__Power__seed13.parquet,75225,ef57b767b501cd06b48d3bb456df85f7cbbe3f33e03981a2b77c1ef23215186b
/root/autodl-tmp/value_alignment_benchmark/results/raw/paper_0726c6bf1530_7df3e726/kvs/simpo__Power__seed13.DONE,374,99c1871770418884c207a71d6a0e875a197679dc9aa7aed6d354fb514db2b4e4
/root/autodl-tmp/value_alignment_benchmark/results/raw/paper_0726c6bf1530_7df3e726/kvs/simpo__Security__seed13.parquet,75216,67e4c5cc7d310685559fc25f5dd8d1fd3cb7eab919cd2a78c5a41d655f755bcd
/root/autodl-tmp/value_alignment_benchmark/results/raw/paper_0726c6bf1530_7df3e726/kvs/simpo__Security__seed13.DONE,378,a0daaa64466fe9a9ca471606580b342647c476284f9e942b2b9cde47be5c56e3
/root/autodl-tmp/value_alignment_benchmark/results/raw/paper_0726c6bf1530_7df3e726/kvs/simpo__Conformity__seed13.parquet,75147,b533588c84f0f5b135f164301942c03602b9f1e69ccdcec4536ec1f4b172deb8
/root/autodl-tmp/value_alignment_benchmark/results/raw/paper_0726c6bf1530_7df3e726/kvs/simpo__Conformity__seed13.DONE,381,f69a3fad16652fe0dd8d1581b99357f888da2da81cec79d8944b4f3db238fc60
/root/autodl-tmp/value_alignment_benchmark/results/raw/paper_0726c6bf1530_7df3e726/kvs/simpo__Tradition__seed13.parquet,75173,68d8f4b38fe0eebf1deabf2f4decd32c558f8a5e6cc2a5507e7827e6b01310c9
/root/autodl-tmp/value_alignment_benchmark/results/raw/paper_0726c6bf1530_7df3e726/kvs/simpo__Tradition__seed13.DONE,379,ac58b8e85e9f7ce469dcc59b50e627738391c9c54165b14e1a9456dbedb8f28a
/root/autodl-tmp/value_alignment_benchmark/results/raw/paper_0726c6bf1530_7df3e726/kvs/simpo__Benevolence__seed13.parquet,75221,8cadd93bf3269fafe270a458397b30c36131b8f0d3f792b90c2b33a9b73576f3
/root/autodl-tmp/value_alignment_benchmark/results/raw/paper_0726c6bf1530_7df3e726/kvs/simpo__Benevolence__seed13.DONE,381,4485adaecca351968d1bc7baa2f737d25ff97869b14ae66c9aa417dba5143d43
/root/autodl-tmp/value_alignment_benchmark/results/raw/paper_0726c6bf1530_7df3e726/kvs/simpo__Universalism__seed13.parquet,75190,2b0c772b49d2c40872d3efb36f7838bbe8d335379bd223465285312aabb1dd41
/root/autodl-tmp/value_alignment_benchmark/results/raw/paper_0726c6bf1530_7df3e726/kvs/simpo__Universalism__seed13.DONE,382,0ddb6ef34ce3250bcfe68189db7b77a6adebd5843508d8387a4c72f8e602e940
/root/autodl-tmp/value_alignment_benchmark/results/raw/paper_0726c6bf1530_7df3e726/kvs/orpo__control__seed13.parquet,75250,6905e9c4c6d3567d38bed43f7d9839d1f997c7af6414dcae27435d082a1552c9
/root/autodl-tmp/value_alignment_benchmark/results/raw/paper_0726c6bf1530_7df3e726/kvs/orpo__control__seed13.DONE,376,d008ee7538215eb4fe48cd100ef7e0779edaef08e32ad8272140852df241e516
/root/autodl-tmp/value_alignment_benchmark/results/raw/paper_0726c6bf1530_7df3e726/kvs/orpo__Self_direction__seed13.parquet,75209,d531019879592bd349e06af414d90fd6e40e70c399002f5431dfc28291665170
/root/autodl-tmp/value_alignment_benchmark/results/raw/paper_0726c6bf1530_7df3e726/kvs/orpo__Self_direction__seed13.DONE,383,2589a259da5ffbf5b916fe628be071adc084c2f074ef6536bc75c4b32599292c
/root/autodl-tmp/value_alignment_benchmark/results/raw/paper_0726c6bf1530_7df3e726/kvs/orpo__Stimulation__seed13.parquet,75232,7164931d682da54baff12786463c946da20a2a776482f684653ab27a6af6668c
/root/autodl-tmp/value_alignment_benchmark/results/raw/paper_0726c6bf1530_7df3e726/kvs/orpo__Stimulation__seed13.DONE,381,7cb91ac01a8686a61608b68d3a8768096b93b6d4793adf85bdeb6bd807f4705a
/root/autodl-tmp/value_alignment_benchmark/results/raw/paper_0726c6bf1530_7df3e726/kvs/orpo__Hedonism__seed13.parquet,75183,4b3b14c837887b6fa392cd671cf8fa9cbf8ec94ce22bbb2f72055368274de99a
/root/autodl-tmp/value_alignment_benchmark/results/raw/paper_0726c6bf1530_7df3e726/kvs/orpo__Hedonism__seed13.DONE,378,812978ba1054cd0e035822f7b8f3675ed652f0d65c9cc45839f6c22f050ee811
/root/autodl-tmp/value_alignment_benchmark/results/raw/paper_0726c6bf1530_7df3e726/kvs/orpo__Achievement__seed13.parquet,75254,83e9b41daf73f134e9f6e78125e3891316184cfe89db28f1db8c7be3f62ecc72
/root/autodl-tmp/value_alignment_benchmark/results/raw/paper_0726c6bf1530_7df3e726/kvs/orpo__Achievement__seed13.DONE,381,692073898c10501376822817bc09fbdf5256494f7501ecf7b50203a0032d12da
/root/autodl-tmp/value_alignment_benchmark/results/raw/paper_0726c6bf1530_7df3e726/kvs/orpo__Power__seed13.parquet,75177,9a723d0e0cd7e5d23fc6252e973e3e4e3664e8d773cc3375cc8b037423e7975e
/root/autodl-tmp/value_alignment_benchmark/results/raw/paper_0726c6bf1530_7df3e726/kvs/orpo__Power__seed13.DONE,374,ed4f7fcdd359e8df5c4693a33ae93ca578bb03c8415c537c64e29df7a84f6e79
/root/autodl-tmp/value_alignment_benchmark/results/raw/paper_0726c6bf1530_7df3e726/kvs/orpo__Security__seed13.parquet,75214,a01f13d811ceeaad4e74fff9fe13864297bcdba0bf06b81f74f13ecbca9d7746
/root/autodl-tmp/value_alignment_benchmark/results/raw/paper_0726c6bf1530_7df3e726/kvs/orpo__Security__seed13.DONE,378,63f73a6439450c074dfc9823e3ec174872f546e3a5bb3baeef0e567940e00fda
/root/autodl-tmp/value_alignment_benchmark/results/raw/paper_0726c6bf1530_7df3e726/kvs/orpo__Conformity__seed13.parquet,75177,8020afaab0176331c5a03f953c681a67b9399c6e93c3357aeb1ee9a15b1a4788
/root/autodl-tmp/value_alignment_benchmark/results/raw/paper_0726c6bf1530_7df3e726/kvs/orpo__Conformity__seed13.DONE,379,5fb7c5fd9ee0e230a96bada6e9e3271427b6695078b2ef9a066194cfd521cb16
/root/autodl-tmp/value_alignment_benchmark/results/raw/paper_0726c6bf1530_7df3e726/kvs/orpo__Tradition__seed13.parquet,75155,a88c8d4b3ee2fff442ad0947754a28d175cfe00238e41124557aba4f81438280
/root/autodl-tmp/value_alignment_benchmark/results/raw/paper_0726c6bf1530_7df3e726/kvs/orpo__Tradition__seed13.DONE,379,6b8c2e81635cf2c455f1afaac525e4e6f132b73614fb4c1b15df304312a62eb4
/root/autodl-tmp/value_alignment_benchmark/results/raw/paper_0726c6bf1530_7df3e726/kvs/orpo__Benevolence__seed13.parquet,75214,19566145b2e4677327f6991f69a647c16ad141b6c911a3ebcc85d26e989c5423
/root/autodl-tmp/value_alignment_benchmark/results/raw/paper_0726c6bf1530_7df3e726/kvs/orpo__Benevolence__seed13.DONE,381,e7a2eb49ba00462f4a1ec826710b30fc4542521539272f55f907f2ca70bf979a
/root/autodl-tmp/value_alignment_benchmark/results/raw/paper_0726c6bf1530_7df3e726/kvs/orpo__Universalism__seed13.parquet,75207,f90205b8948c0da114b6ff841ae589d41af4c76685047a862dc4cc07fe51dc7b
/root/autodl-tmp/value_alignment_benchmark/results/raw/paper_0726c6bf1530_7df3e726/kvs/orpo__Universalism__seed13.DONE,382,215f60cc3d0b7f6bb77aaef877582d3c3b498fe23b9687aab12d89fc461e25ff
/root/autodl-tmp/value_alignment_benchmark/results/raw/paper_0726c6bf1530_7df3e726/kvs/kto__control__seed13.parquet,75184,784ea08c7f8dd0a213ddd23b2b109ff43661e1ba13794534fd3cd4976876bac1
/root/autodl-tmp/value_alignment_benchmark/results/raw/paper_0726c6bf1530_7df3e726/kvs/kto__control__seed13.DONE,375,c98f643ef76f3251788aba9a4d46e4cbd91e3ab3632ec7de22388336fecbbc77
/root/autodl-tmp/value_alignment_benchmark/results/raw/paper_0726c6bf1530_7df3e726/kvs/kto__Self_direction__seed13.parquet,75191,9c9bd9f3ce40081e36169c46b56ed38a7a417c016c6baaa25a37ad5d4605d980
/root/autodl-tmp/value_alignment_benchmark/results/raw/paper_0726c6bf1530_7df3e726/kvs/kto__Self_direction__seed13.DONE,382,98487985682b58b9f012213030f82956dbf37fbe6dcb220719ab934148883b3b
/root/autodl-tmp/value_alignment_benchmark/results/raw/paper_0726c6bf1530_7df3e726/kvs/kto__Stimulation__seed13.parquet,75206,5166e07e08fb112d5d1a78d2e8ed50efe7350a6871e1454a5be703b12dedf140
/root/autodl-tmp/value_alignment_benchmark/results/raw/paper_0726c6bf1530_7df3e726/kvs/kto__Stimulation__seed13.DONE,379,691bb8e49472d9b9c4e3fc236ac1ab918cf1577899ec1047c136a34c989197c9
/root/autodl-tmp/value_alignment_benchmark/results/raw/paper_0726c6bf1530_7df3e726/kvs/kto__Hedonism__seed13.parquet,75140,6be46285e1286e9a63f45547055912a3aabe7d7ceb8af088655e13861c51ce9a
/root/autodl-tmp/value_alignment_benchmark/results/raw/paper_0726c6bf1530_7df3e726/kvs/kto__Hedonism__seed13.DONE,376,830cd806554073e28a1f7d57236711658aa91a7e1619588e6e6363784c731209
/root/autodl-tmp/value_alignment_benchmark/results/raw/paper_0726c6bf1530_7df3e726/kvs/kto__Achievement__seed13.parquet,75264,4729a2c6358ea7f1516be38a27991f2cfc1044424ea77dfcee064cebdf2176b5
/root/autodl-tmp/value_alignment_benchmark/results/raw/paper_0726c6bf1530_7df3e726/kvs/kto__Achievement__seed13.DONE,379,e69e70743029f878f723fcea9064018880381cb27abfa4e67a5224fc80b55206
/root/autodl-tmp/value_alignment_benchmark/results/raw/paper_0726c6bf1530_7df3e726/kvs/kto__Power__seed13.parquet,75162,9c5ffa609f54329440a661832dff12323d03c60ed4b65730df703a83650ee32b
/root/autodl-tmp/value_alignment_benchmark/results/raw/paper_0726c6bf1530_7df3e726/kvs/kto__Power__seed13.DONE,374,05719a5aa4141d7def09d57f3166074cb5f7f08ed7becbb65a2cb949e1e2ab9c
/root/autodl-tmp/value_alignment_benchmark/results/raw/paper_0726c6bf1530_7df3e726/kvs/kto__Security__seed13.parquet,75212,06293914f34a37ad1010ed9296dede587fc65769e12faeabcab5fd46e9f0281b
/root/autodl-tmp/value_alignment_benchmark/results/raw/paper_0726c6bf1530_7df3e726/kvs/kto__Security__seed13.DONE,376,8c256ebb560b3ca1302808ce306fc944189cafeaf91b45b2065577ca4500c3aa
/root/autodl-tmp/value_alignment_benchmark/results/raw/paper_0726c6bf1530_7df3e726/kvs/kto__Conformity__seed13.parquet,75171,caf89bc7eb4eb30c132d1356888fc19b46142f1422dd0026e60376e39b5fc74d
/root/autodl-tmp/value_alignment_benchmark/results/raw/paper_0726c6bf1530_7df3e726/kvs/kto__Conformity__seed13.DONE,379,f0e2ca11686b98218528692d50ddaa7122629a275d568c5a8c4fb2c649678f6b
/root/autodl-tmp/value_alignment_benchmark/results/raw/paper_0726c6bf1530_7df3e726/kvs/kto__Tradition__seed13.parquet,75181,4140e802d1fe83db4a2d428085c0290def0e5109591abc3b0ea0e1e031c9d7d7
/root/autodl-tmp/value_alignment_benchmark/results/raw/paper_0726c6bf1530_7df3e726/kvs/kto__Tradition__seed13.DONE,377,d50d08f261f43472df6d18641b85e03d9ed1488347d85d99d7ed65c2e260414e
/root/autodl-tmp/value_alignment_benchmark/results/raw/paper_0726c6bf1530_7df3e726/kvs/kto__Benevolence__seed13.parquet,75205,55ca3fca849c362eb653ab10962b5603e55e84029653721109e64f3abae49fa5
/root/autodl-tmp/value_alignment_benchmark/results/raw/paper_0726c6bf1530_7df3e726/kvs/kto__Benevolence__seed13.DONE,379,55c1e4aa839de05842098e2ab609ada7efecb434f1fdef897218e930fdd1fc46
/root/autodl-tmp/value_alignment_benchmark/results/raw/paper_0726c6bf1530_7df3e726/kvs/kto__Universalism__seed13.parquet,75236,c3e7f157d54ecee7970015508ac33dda567b7f49ba40393bd761aa267531a53b
/root/autodl-tmp/value_alignment_benchmark/results/raw/paper_0726c6bf1530_7df3e726/kvs/kto__Universalism__seed13.DONE,380,5e0a2584541b01a61bf262bc0a8a3c86aa102d5198c71689f60cd4e2eeecd5de
/root/autodl-tmp/value_alignment_benchmark/results/raw/paper_0726c6bf1530_7df3e726/kvs/caa_residual__control__seed13.parquet,76415,6720839a739a753c646302a2746827abc35e40119f5efba528414cc9f4da1ec7
/root/autodl-tmp/value_alignment_benchmark/results/raw/paper_0726c6bf1530_7df3e726/kvs/caa_residual__control__seed13.DONE,384,ef2c893c1dab7a125ec4011496ef875dc7c175a91635e75925a987dc18d9b47c
/root/autodl-tmp/value_alignment_benchmark/results/raw/paper_0726c6bf1530_7df3e726/kvs/caa_residual__Self_direction__seed13.parquet,76511,df91ffc52ebe901296670a2040fff2e11f483d3bdd042fe843db181a265eb3fc
/root/autodl-tmp/value_alignment_benchmark/results/raw/paper_0726c6bf1530_7df3e726/kvs/caa_residual__Self_direction__seed13.DONE,391,dcd02b860436922706f28b9865880494688a104a7df14a1d9e52aac981c76aca
/root/autodl-tmp/value_alignment_benchmark/results/raw/paper_0726c6bf1530_7df3e726/kvs/caa_residual__Stimulation__seed13.parquet,76564,67c09308216acd7c8f761316958fda43a42654369d290d84d5eed84807229fe1
/root/autodl-tmp/value_alignment_benchmark/results/raw/paper_0726c6bf1530_7df3e726/kvs/caa_residual__Stimulation__seed13.DONE,387,addbcd410bf469a6620e241f8d854efe6b397aad72c40aaf7aade4d175546b7a
/root/autodl-tmp/value_alignment_benchmark/results/raw/paper_0726c6bf1530_7df3e726/kvs/caa_residual__Hedonism__seed13.parquet,76532,71cd9ea083c1d217461a7532d2b2b55f872a422c6497260a437a627ca5066e7e
/root/autodl-tmp/value_alignment_benchmark/results/raw/paper_0726c6bf1530_7df3e726/kvs/caa_residual__Hedonism__seed13.DONE,385,78b368ea47a622dc7694872a775f7850304947afbfc3db1390415d5520d3417c
/root/autodl-tmp/value_alignment_benchmark/results/raw/paper_0726c6bf1530_7df3e726/kvs/caa_residual__Achievement__seed13.parquet,76641,3dcfc53766baf6a73c7c0ec13c9732889219d6fab8604eb2e1eccb0cf1f908b7
/root/autodl-tmp/value_alignment_benchmark/results/raw/paper_0726c6bf1530_7df3e726/kvs/caa_residual__Achievement__seed13.DONE,389,5f2341303f0f8b713beea788b5593005fb9c7c9339e172cd0b89e82e3c997e25
/root/autodl-tmp/value_alignment_benchmark/results/raw/paper_0726c6bf1530_7df3e726/kvs/caa_residual__Power__seed13.parquet,76594,66328645882b502b144ecff30364554fbeade9836de5bcca51951b4d4f211508
/root/autodl-tmp/value_alignment_benchmark/results/raw/paper_0726c6bf1530_7df3e726/kvs/caa_residual__Power__seed13.DONE,382,2f1b60141104036935b28fc7226c66f23711adfec96db953e080bce37cb8fb3c
/root/autodl-tmp/value_alignment_benchmark/results/raw/paper_0726c6bf1530_7df3e726/kvs/caa_residual__Security__seed13.parquet,76506,a822152e786cc93f64b41b03312309a0eb142c25dfcd68e8240d66d9ce2612a9
/root/autodl-tmp/value_alignment_benchmark/results/raw/paper_0726c6bf1530_7df3e726/kvs/caa_residual__Security__seed13.DONE,383,39ff29fa9e4752893d7fc5bb0e7dc3838bc662184d393c3fb132355d6bf7b375
/root/autodl-tmp/value_alignment_benchmark/results/raw/paper_0726c6bf1530_7df3e726/kvs/caa_residual__Conformity__seed13.parquet,76413,3a5c2deb33a1b22e50d7a3e138739c8014bb364f2f027200801ea28efb0ed3db
/root/autodl-tmp/value_alignment_benchmark/results/raw/paper_0726c6bf1530_7df3e726/kvs/caa_residual__Conformity__seed13.DONE,388,e1cbd307792829adb77409bf53ce318ed188afa0ef49a33e0f9d420f6fc82d5c
/root/autodl-tmp/value_alignment_benchmark/results/raw/paper_0726c6bf1530_7df3e726/kvs/caa_residual__Tradition__seed13.parquet,76529,050640a2f38f23c617cacdf119fa9ef78016df01e5abd0acb0b82a9c2a448207
/root/autodl-tmp/value_alignment_benchmark/results/raw/paper_0726c6bf1530_7df3e726/kvs/caa_residual__Tradition__seed13.DONE,387,2a1b80552011ef75dab650beffd0aaea4e759e4515b88cba810a05fe5225ee81
/root/autodl-tmp/value_alignment_benchmark/results/raw/paper_0726c6bf1530_7df3e726/kvs/caa_residual__Benevolence__seed13.parquet,76654,f20afae3b992936b4695956e3f564ea1d41a1f23b723304cf9f5f828a237efc2
/root/autodl-tmp/value_alignment_benchmark/results/raw/paper_0726c6bf1530_7df3e726/kvs/caa_residual__Benevolence__seed13.DONE,387,9277cf92b8cc15b8a9ea53349a3c2c7eef54c2d0d2217b56d6642f5e24dd38cc
/root/autodl-tmp/value_alignment_benchmark/results/raw/paper_0726c6bf1530_7df3e726/kvs/caa_residual__Universalism__seed13.parquet,76629,ecf22e5dcbcc694480351e7873d3c1389dabb72f845817e41cf460373c191c24
/root/autodl-tmp/value_alignment_benchmark/results/raw/paper_0726c6bf1530_7df3e726/kvs/caa_residual__Universalism__seed13.DONE,389,14d20fe80dee4bfe97408ad10abaeb18cd12367b875909a82c1a999e60decfa8
/root/autodl-tmp/value_alignment_benchmark/results/raw/paper_0726c6bf1530_7df3e726/kvs/caa_attention__control__seed13.parquet,76422,a6cabc6f291e5264cb4a4ff1a7546ab2b0544eb80cf45e218c2697ce80a86b4f
/root/autodl-tmp/value_alignment_benchmark/results/raw/paper_0726c6bf1530_7df3e726/kvs/caa_attention__control__seed13.DONE,386,ad20f3d17158ddc212382f227a5464da44dd4e6dbd49d8f6bde61ee2b6309075
/root/autodl-tmp/value_alignment_benchmark/results/raw/paper_0726c6bf1530_7df3e726/kvs/caa_attention__Self_direction__seed13.parquet,76636,5b020b1dd87bfd031e8484780ed946a2953b6be8d5eec6528871fa96998dfce2
/root/autodl-tmp/value_alignment_benchmark/results/raw/paper_0726c6bf1530_7df3e726/kvs/caa_attention__Self_direction__seed13.DONE,392,7a25b8b8bec994863f7df291cda69370e99dcff12f725b48c6b2a784df2e988b
/root/autodl-tmp/value_alignment_benchmark/results/raw/paper_0726c6bf1530_7df3e726/kvs/caa_attention__Stimulation__seed13.parquet,76584,631cca7bcd71df1bbd3335ac2f04352a1c2f396c011ccb2a00efd21b8f20e7dc
/root/autodl-tmp/value_alignment_benchmark/results/raw/paper_0726c6bf1530_7df3e726/kvs/caa_attention__Stimulation__seed13.DONE,390,b338eaccf19b7d21c9b8f9bc3401d5c21cf568a3150b538e001603860b8084b1
/root/autodl-tmp/value_alignment_benchmark/results/raw/paper_0726c6bf1530_7df3e726/kvs/caa_attention__Hedonism__seed13.parquet,76633,06043c10d0f22212b0ab84d42eb33cd5cd82c2db3adc038c00ad43ac0595c82c
/root/autodl-tmp/value_alignment_benchmark/results/raw/paper_0726c6bf1530_7df3e726/kvs/caa_attention__Hedonism__seed13.DONE,386,d90486ebdc96f2050637103def5d5995238aac9bbaf290d86d9962db9902d37b
/root/autodl-tmp/value_alignment_benchmark/results/raw/paper_0726c6bf1530_7df3e726/kvs/caa_attention__Achievement__seed13.parquet,76621,d3e87f2812a0a859a68b46352716558dd0601f7745d9458b7ec63a2436cce84d
/root/autodl-tmp/value_alignment_benchmark/results/raw/paper_0726c6bf1530_7df3e726/kvs/caa_attention__Achievement__seed13.DONE,390,ddf59f916f2f976c64f6fc96b2a3e9899c884db66a2a24af87f47df134a81209
/root/autodl-tmp/value_alignment_benchmark/results/raw/paper_0726c6bf1530_7df3e726/kvs/caa_attention__Power__seed13.parquet,76687,6cdae9011014cc882905076a1da6964cca31b7a8479bac26c23fa5c02d14ce0b
/root/autodl-tmp/value_alignment_benchmark/results/raw/paper_0726c6bf1530_7df3e726/kvs/caa_attention__Power__seed13.DONE,384,e0a96f8998807e025c233a5fb99db5525f721915ebad1a443a523fa4165b7435
/root/autodl-tmp/value_alignment_benchmark/results/raw/paper_0726c6bf1530_7df3e726/kvs/caa_attention__Security__seed13.parquet,76477,aca77b84fe4d82165268bf4e16d54e1726d035b855c9857143a2ce9cc120f5f3
/root/autodl-tmp/value_alignment_benchmark/results/raw/paper_0726c6bf1530_7df3e726/kvs/caa_attention__Security__seed13.DONE,386,3af3536861c53a02defebc29b5d5b000ed9dc4aea1849236ab7bc2d64c2f87dd
/root/autodl-tmp/value_alignment_benchmark/results/raw/paper_0726c6bf1530_7df3e726/kvs/caa_attention__Conformity__seed13.parquet,76628,27d4c20a05e716bd621627e0c38daff83dff3b3cbb1deb863fbafc14055a1b37
/root/autodl-tmp/value_alignment_benchmark/results/raw/paper_0726c6bf1530_7df3e726/kvs/caa_attention__Conformity__seed13.DONE,389,980e9373cc94b1edae2199c196c7429051292ed87eeeb0e2707c7d937932214b
/root/autodl-tmp/value_alignment_benchmark/results/raw/paper_0726c6bf1530_7df3e726/kvs/caa_attention__Tradition__seed13.parquet,76583,ca50a4da0018a668d84c01398193f3de6a22cb62c82dab43c52bef816a25eabe
/root/autodl-tmp/value_alignment_benchmark/results/raw/paper_0726c6bf1530_7df3e726/kvs/caa_attention__Tradition__seed13.DONE,387,6a25324d16fd0dd20499b9ced31ffd93cc8c14de59c2d7a1e86c1dd69581b53f
/root/autodl-tmp/value_alignment_benchmark/results/raw/paper_0726c6bf1530_7df3e726/kvs/caa_attention__Benevolence__seed13.parquet,76654,c9f8fd9fbf31efdd78c680ddc098fc16879ea7ef4b38ccec991d0930fd46bdb1
/root/autodl-tmp/value_alignment_benchmark/results/raw/paper_0726c6bf1530_7df3e726/kvs/caa_attention__Benevolence__seed13.DONE,389,51919cce2c3a81a51b588969f4ec42de063182c400b27a9111db8aeacd50bad2
/root/autodl-tmp/value_alignment_benchmark/results/raw/paper_0726c6bf1530_7df3e726/kvs/caa_attention__Universalism__seed13.parquet,76648,a0d89adc83f8530d15263cdb1bd215e2bafb09e9cdeba063ba9eeea4ecd879ce
/root/autodl-tmp/value_alignment_benchmark/results/raw/paper_0726c6bf1530_7df3e726/kvs/caa_attention__Universalism__seed13.DONE,390,df33a6f53f66b3067faee7b41f9f13b8e99d821a9166f212a716cf99e6f2f723
/root/autodl-tmp/value_alignment_benchmark/results/raw/paper_0726c6bf1530_7df3e726/aita/sft__control__seed13.parquet,325892,8f39bca9f5a1527c4d14384505e561b032020990a67c03fbde75845cc3d5f144
/root/autodl-tmp/value_alignment_benchmark/results/raw/paper_0726c6bf1530_7df3e726/aita/sft__control__seed13.DONE,385,0b9508e8484ca1d38136dd45b77c570582dbf4439f3e96e2d8d681f1807185f0
/root/autodl-tmp/value_alignment_benchmark/results/raw/paper_0726c6bf1530_7df3e726/aita/sft__Self_direction__seed13.parquet,47284,75edf59a04ad8c0bd2ad96bc8ab38da6f3a8947b43b823bcd00eacc56df44a16
/root/autodl-tmp/value_alignment_benchmark/results/raw/paper_0726c6bf1530_7df3e726/aita/sft__Self_direction__seed13.DONE,392,8fcab89d839864f6f5268df4451177ae2279ae0053bd9e6737535d8f9052ad40
/root/autodl-tmp/value_alignment_benchmark/results/raw/paper_0726c6bf1530_7df3e726/aita/sft__Stimulation__seed13.parquet,10556,70ef371d1509c6405180fcf72b7cf4bb82993dbacb033d8e69e222e736d5f9de
/root/autodl-tmp/value_alignment_benchmark/results/raw/paper_0726c6bf1530_7df3e726/aita/sft__Stimulation__seed13.DONE,389,d6f06fded6701bd0f90e86e00fdf980091acb12241b24a387a50df93700426da
/root/autodl-tmp/value_alignment_benchmark/results/raw/paper_0726c6bf1530_7df3e726/aita/sft__Hedonism__seed13.parquet,10944,4e6ec2a64aa2b00e3c7d666fcb4665647b1110ec5fc0463f2d4e28b49a0e0fc5
/root/autodl-tmp/value_alignment_benchmark/results/raw/paper_0726c6bf1530_7df3e726/aita/sft__Hedonism__seed13.DONE,385,24424f28f3d59c185fb34f527cdad4b98c663426fa0d2f8a5e9c1b08dda630eb
/root/autodl-tmp/value_alignment_benchmark/results/raw/paper_0726c6bf1530_7df3e726/aita/sft__Achievement__seed13.parquet,16210,1f5bfe969c5c2af4c93ee14c138537fcb7867a46a733262a98cbb621b2587a7c
/root/autodl-tmp/value_alignment_benchmark/results/raw/paper_0726c6bf1530_7df3e726/aita/sft__Achievement__seed13.DONE,390,a3e8851ae3b505f0f869f193a1a4b21ac4752235b7f071a3d323de6518f98b42
/root/autodl-tmp/value_alignment_benchmark/results/raw/paper_0726c6bf1530_7df3e726/aita/sft__Power__seed13.parquet,26667,0c852b726a716017238d04bb48a16ccbb2d3c2979342d7796fae76d9ed8374fa
/root/autodl-tmp/value_alignment_benchmark/results/raw/paper_0726c6bf1530_7df3e726/aita/sft__Power__seed13.DONE,383,e5f3d9261f11499c3e9db1bf74a45a72455d0cfb06c20db1ef55b08f693aea5e
/root/autodl-tmp/value_alignment_benchmark/results/raw/paper_0726c6bf1530_7df3e726/aita/sft__Security__seed13.parquet,44515,b0a3c950fba7dfbcead4c0e95d92da7b45bb7e40623b019a69919c2f75094850
/root/autodl-tmp/value_alignment_benchmark/results/raw/paper_0726c6bf1530_7df3e726/aita/sft__Security__seed13.DONE,386,833f5655a4dc42494ca62af22cd1684030b3cd7ef5cf14420f23126bbab52c62
/root/autodl-tmp/value_alignment_benchmark/results/raw/paper_0726c6bf1530_7df3e726/aita/sft__Conformity__seed13.parquet,68859,43b7446c58539f47e7d4a1443060198124caeb2df21cf3e8a4b5b9a72ea72266
/root/autodl-tmp/value_alignment_benchmark/results/raw/paper_0726c6bf1530_7df3e726/aita/sft__Conformity__seed13.DONE,389,1f0c9843099a28a902334b962b24da15132d7725b2665552e8946d00e7d465e4
/root/autodl-tmp/value_alignment_benchmark/results/raw/paper_0726c6bf1530_7df3e726/aita/sft__Tradition__seed13.parquet,11717,b81e8c0b77fb6ee20d388028b36f3c2647957abf52042e5ec74316c18952f9e5
/root/autodl-tmp/value_alignment_benchmark/results/raw/paper_0726c6bf1530_7df3e726/aita/sft__Tradition__seed13.DONE,387,19399568bbdc6b26aadfc53f450271e8bb43e666cac8b5f57cd3018670fa019f
/root/autodl-tmp/value_alignment_benchmark/results/raw/paper_0726c6bf1530_7df3e726/aita/sft__Benevolence__seed13.parquet,81412,5955f07e8bc34f9ff7a3578c0cf9b66ddc214ab1ba1d839862df0a2d5b973fc3
/root/autodl-tmp/value_alignment_benchmark/results/raw/paper_0726c6bf1530_7df3e726/aita/sft__Benevolence__seed13.DONE,389,427eeb2b7b457d0daa9cc25f2e4185a1d7e3e1de15d9053ec28c725e4422b4b9
/root/autodl-tmp/value_alignment_benchmark/results/raw/paper_0726c6bf1530_7df3e726/aita/sft__Universalism__seed13.parquet,83501,521aec234c69357fb30b5a14214250738d350adaf1cb1597a7d944c40e22431b
/root/autodl-tmp/value_alignment_benchmark/results/raw/paper_0726c6bf1530_7df3e726/aita/sft__Universalism__seed13.DONE,391,b01b8070b789887d4fe990c5ab8486a729eca69ac5a1d1ad36647d3914c36339
/root/autodl-tmp/value_alignment_benchmark/results/raw/paper_0726c6bf1530_7df3e726/aita/dpo__control__seed13.parquet,325705,9cfa4502a0f532f03b712f39d64e24eb5689ff01bf91206f74da765d287530ba
/root/autodl-tmp/value_alignment_benchmark/results/raw/paper_0726c6bf1530_7df3e726/aita/dpo__control__seed13.DONE,385,53204c51683cc75abd5c1e78ed7c78d976f61d57134ee3840c811ff5e9b4e4ad
/root/autodl-tmp/value_alignment_benchmark/results/raw/paper_0726c6bf1530_7df3e726/aita/dpo__Self_direction__seed13.parquet,47272,5392f95ccae7a74334ff7bb48c972efa14915b9814aa9db49765b8db66e70121
/root/autodl-tmp/value_alignment_benchmark/results/raw/paper_0726c6bf1530_7df3e726/aita/dpo__Self_direction__seed13.DONE,392,b3f5156e8b9575cddfa36a2f71f73e4b60339ff36fa3628309c2d5157f17aa02
/root/autodl-tmp/value_alignment_benchmark/results/raw/paper_0726c6bf1530_7df3e726/aita/dpo__Stimulation__seed13.parquet,10552,e8fe7e1a40db8d234da3a68f2b95d45dd2f4f91150ee9c3befce5b1d541ef441
/root/autodl-tmp/value_alignment_benchmark/results/raw/paper_0726c6bf1530_7df3e726/aita/dpo__Stimulation__seed13.DONE,390,c51b23a60083c083fd3d45374ad65178cafcf8c84330a49c40a6c5a86301140c
/root/autodl-tmp/value_alignment_benchmark/results/raw/paper_0726c6bf1530_7df3e726/aita/dpo__Hedonism__seed13.parquet,10943,1b8594edf65c99a05092409b78339899cf4a59f0c6c507658861b949a860f3f4
/root/autodl-tmp/value_alignment_benchmark/results/raw/paper_0726c6bf1530_7df3e726/aita/dpo__Hedonism__seed13.DONE,386,6f4725dc3bed991cc873eb16f55de7fe8db61d742868d85aa043666b800b65b7
/root/autodl-tmp/value_alignment_benchmark/results/raw/paper_0726c6bf1530_7df3e726/aita/dpo__Achievement__seed13.parquet,16226,2957a60fe54eea2fa129298924d162aadcbcfc42e0dd377c37de6667868ed7d9
/root/autodl-tmp/value_alignment_benchmark/results/raw/paper_0726c6bf1530_7df3e726/aita/dpo__Achievement__seed13.DONE,389,43bbe85d9be3a9b0fbb73faff26058ebc90abff18b9e7c2ef7c9733179121963
/root/autodl-tmp/value_alignment_benchmark/results/raw/paper_0726c6bf1530_7df3e726/aita/dpo__Power__seed13.parquet,26696,f67ad4dd1d6b4d10ffcdf5c88719fc883676ee9c230cd0ebdfbc8ca0a5a6ebef
/root/autodl-tmp/value_alignment_benchmark/results/raw/paper_0726c6bf1530_7df3e726/aita/dpo__Power__seed13.DONE,383,feeaf8146125928df9d404b7512ae3f0f1a11d10fc05186a6e291170cfbe4558
/root/autodl-tmp/value_alignment_benchmark/results/raw/paper_0726c6bf1530_7df3e726/aita/dpo__Security__seed13.parquet,44571,d0d8f9712b7de9c640d7d2b052782b2aac8c9dcd507c1ab29bd85c806a5c8cc8
/root/autodl-tmp/value_alignment_benchmark/results/raw/paper_0726c6bf1530_7df3e726/aita/dpo__Security__seed13.DONE,386,51356e1d9767820ef1e469036daf73c1bffe208fdb107ac5c51c1f276119cf0a
/root/autodl-tmp/value_alignment_benchmark/results/raw/paper_0726c6bf1530_7df3e726/aita/dpo__Conformity__seed13.parquet,68867,c2fb09f7d0d169d4768e055ad527d7888e5f4c7118a19cca5fea95dfa1faf8f7
/root/autodl-tmp/value_alignment_benchmark/results/raw/paper_0726c6bf1530_7df3e726/aita/dpo__Conformity__seed13.DONE,389,9a53805ccac486e0ab51e22df28c06a593c421ed9aaa17400f6cff16e5b40fd8
/root/autodl-tmp/value_alignment_benchmark/results/raw/paper_0726c6bf1530_7df3e726/aita/dpo__Tradition__seed13.parquet,11728,169fd4d7762a0ac66352844685cf2bd2d169dd0bc9ca810f6f3ebe8c30017f27
/root/autodl-tmp/value_alignment_benchmark/results/raw/paper_0726c6bf1530_7df3e726/aita/dpo__Tradition__seed13.DONE,387,d3ea1788e1da9f6c3f3699af693b0e6b7a72bcd9dd8ef72bca01014b4f5a079d
/root/autodl-tmp/value_alignment_benchmark/results/raw/paper_0726c6bf1530_7df3e726/aita/dpo__Benevolence__seed13.parquet,81481,682c1837dd779c6013593e66bb486dd39dd2f55165b52fc97d761b68c276161d
/root/autodl-tmp/value_alignment_benchmark/results/raw/paper_0726c6bf1530_7df3e726/aita/dpo__Benevolence__seed13.DONE,389,e7c686c1aaf91d990ffff4aecc0efe98a94e441bc33ba078028ba539cdb38ac8
/root/autodl-tmp/value_alignment_benchmark/results/raw/paper_0726c6bf1530_7df3e726/aita/dpo__Universalism__seed13.parquet,83594,6eaab6108468368ab975c64a0712e9c8af0b55c4516fcc31208317d3a656c652
/root/autodl-tmp/value_alignment_benchmark/results/raw/paper_0726c6bf1530_7df3e726/aita/dpo__Universalism__seed13.DONE,391,1b700d29bfab1b1a5ba3c16c23de28697efbe19289720a554f10cbd0cb702cef
/root/autodl-tmp/value_alignment_benchmark/results/raw/paper_0726c6bf1530_7df3e726/aita/hypo__control__seed13.parquet,325765,478a3938c15c8dc6a2eb68fc78e5988f3643cfeca4edddb3b579e710edb549eb
/root/autodl-tmp/value_alignment_benchmark/results/raw/paper_0726c6bf1530_7df3e726/aita/hypo__control__seed13.DONE,386,1c2e39f782238725b64d11a153bb94af6e36ef370f81a06f313d2cf4e00b94f0
/root/autodl-tmp/value_alignment_benchmark/results/raw/paper_0726c6bf1530_7df3e726/aita/hypo__Self_direction__seed13.parquet,47311,1b30a6c5d49efef342ee94147d1f13c4fc3ac71c50973379c960550b1f417f62
/root/autodl-tmp/value_alignment_benchmark/results/raw/paper_0726c6bf1530_7df3e726/aita/hypo__Self_direction__seed13.DONE,392,2bbcbcb0dc07063941210968d17bd1332d6b5b9320c25651d5ddbfcb7d951f98
/root/autodl-tmp/value_alignment_benchmark/results/raw/paper_0726c6bf1530_7df3e726/aita/hypo__Stimulation__seed13.parquet,10560,ca7643e763d83787c93cf00fb83a99cb1b2c72a3a23abbba3461a30edd2c1d6c
/root/autodl-tmp/value_alignment_benchmark/results/raw/paper_0726c6bf1530_7df3e726/aita/hypo__Stimulation__seed13.DONE,390,bc34b57a58ad91ff3d49fadd2b9fd89b0a717647bc22f25dc2a62d16a0e7b215
/root/autodl-tmp/value_alignment_benchmark/results/raw/paper_0726c6bf1530_7df3e726/aita/hypo__Hedonism__seed13.parquet,10950,df047d94f68c814841f75845e12befa2d5dd17c50163a1c6611704fd90310ece
/root/autodl-tmp/value_alignment_benchmark/results/raw/paper_0726c6bf1530_7df3e726/aita/hypo__Hedonism__seed13.DONE,387,31df9092c77900efaacd2fb408872d70c6cff9707bcefb29429e069f019581e0
/root/autodl-tmp/value_alignment_benchmark/results/raw/paper_0726c6bf1530_7df3e726/aita/hypo__Achievement__seed13.parquet,16221,f6c0e8bd37db81faa73bdf8c9c6463d746ff85728577d516a526abe05e4f0a31
/root/autodl-tmp/value_alignment_benchmark/results/raw/paper_0726c6bf1530_7df3e726/aita/hypo__Achievement__seed13.DONE,391,6ca85e36dbaca546eebfd9c387cc27bd181499f3f54028e4e21c219382957e21
/root/autodl-tmp/value_alignment_benchmark/results/raw/paper_0726c6bf1530_7df3e726/aita/hypo__Power__seed13.parquet,26692,b96c7ef97104e068336cd6790172b8a051aaea4a2c50f67525d537c2ba82c3cb
/root/autodl-tmp/value_alignment_benchmark/results/raw/paper_0726c6bf1530_7df3e726/aita/hypo__Power__seed13.DONE,384,2354918f39cecdda1f3a8902326f7e24a8cd1fbe6ac0da2d2aa1ee910ba68a7e
/root/autodl-tmp/value_alignment_benchmark/results/raw/paper_0726c6bf1530_7df3e726/aita/hypo__Security__seed13.parquet,44591,f4bf5b3e80197934ee93331d7d340589988028cc320786cc4365d0d9c65e9da2
/root/autodl-tmp/value_alignment_benchmark/results/raw/paper_0726c6bf1530_7df3e726/aita/hypo__Security__seed13.DONE,387,559418378822d1e0c46ce106f9468ddedb8b25d56ec759e911872d3a367b3072
/root/autodl-tmp/value_alignment_benchmark/results/raw/paper_0726c6bf1530_7df3e726/aita/hypo__Conformity__seed13.parquet,68892,969daa2f39c22d7bc79df0128c159d82d1b4e90b023b69fc1cdc1db31c90474b
/root/autodl-tmp/value_alignment_benchmark/results/raw/paper_0726c6bf1530_7df3e726/aita/hypo__Conformity__seed13.DONE,390,ee29a40a4ad4a6bd30cf4cff18353ec6b5d7a680d7587c5a22adddbfb6dbe00a
/root/autodl-tmp/value_alignment_benchmark/results/raw/paper_0726c6bf1530_7df3e726/aita/hypo__Tradition__seed13.parquet,11735,d6135c9afc2e21986e826b45e7541fa009859b6988af934c4745a2adf34abea1
/root/autodl-tmp/value_alignment_benchmark/results/raw/paper_0726c6bf1530_7df3e726/aita/hypo__Tradition__seed13.DONE,388,c4ca77e15fe35dfb3f214690de5915a18c5fb6d3ae912b4e976afc61c026f876
/root/autodl-tmp/value_alignment_benchmark/results/raw/paper_0726c6bf1530_7df3e726/aita/hypo__Benevolence__seed13.parquet,81458,62c5c9fdcc30272129c56e2d985d2c2582cadac584f120b1aa357047017c9134
/root/autodl-tmp/value_alignment_benchmark/results/raw/paper_0726c6bf1530_7df3e726/aita/hypo__Benevolence__seed13.DONE,391,3af40286ef7fc9c26dc00ba7d726bc46c78954a57619228a8a7301c2d2b77790
/root/autodl-tmp/value_alignment_benchmark/results/raw/paper_0726c6bf1530_7df3e726/aita/hypo__Universalism__seed13.parquet,83669,334bb7a4cfe32f8abceaa3bb03fea11d59e2fb9a53f9430360a8e2a6c2a12bab
/root/autodl-tmp/value_alignment_benchmark/results/raw/paper_0726c6bf1530_7df3e726/aita/hypo__Universalism__seed13.DONE,392,2488aeaf2ef01e928336d1e35a238fde4ac30c6a2f3108faf2356458a8956066
/root/autodl-tmp/value_alignment_benchmark/results/raw/paper_0726c6bf1530_7df3e726/aita/ipo__control__seed13.parquet,325750,d51feaee820d10a60fbae93878edbada9693c8e251ba0caf56ee55522395ec41
/root/autodl-tmp/value_alignment_benchmark/results/raw/paper_0726c6bf1530_7df3e726/aita/ipo__control__seed13.DONE,385,56ede0fb031ca3c0d78174d773dd3760496a1812af5ca1aa80e51d3561adf05f
/root/autodl-tmp/value_alignment_benchmark/results/raw/paper_0726c6bf1530_7df3e726/aita/ipo__Self_direction__seed13.parquet,47298,bc697cdf73f36bec4e04e2a4bbc3db4b106352f47b0b5a1347f649ac310afe9b
/root/autodl-tmp/value_alignment_benchmark/results/raw/paper_0726c6bf1530_7df3e726/aita/ipo__Self_direction__seed13.DONE,392,903ec557b2a93b122e72b5f8fdd24e5e73eb7ba339a88b9bb7332ec756d1c5f6
/root/autodl-tmp/value_alignment_benchmark/results/raw/paper_0726c6bf1530_7df3e726/aita/ipo__Stimulation__seed13.parquet,10555,b74f055cbc10ed73b692100671d118be6af7b1949767e72a4a60e19bb57d8f3f
/root/autodl-tmp/value_alignment_benchmark/results/raw/paper_0726c6bf1530_7df3e726/aita/ipo__Stimulation__seed13.DONE,389,f2dae36c0e4354d92341707a42dd91e7dad6f1de2894105ea00f0e88aaba8c33
/root/autodl-tmp/value_alignment_benchmark/results/raw/paper_0726c6bf1530_7df3e726/aita/ipo__Hedonism__seed13.parquet,10946,3c5c342f23de4317aeaee3690086c6573a1e7b4392a8a8e230c5aaa7cefb6473
/root/autodl-tmp/value_alignment_benchmark/results/raw/paper_0726c6bf1530_7df3e726/aita/ipo__Hedonism__seed13.DONE,386,a627493fa042f6f28fb1ddc71ed3a30fd0416e1b75a6553dfc1cc3e295b2958f
/root/autodl-tmp/value_alignment_benchmark/results/raw/paper_0726c6bf1530_7df3e726/aita/ipo__Achievement__seed13.parquet,16210,150ccc48e6b851e9bd9485acad867f72121283b497ef5facff361999aa249470
/root/autodl-tmp/value_alignment_benchmark/results/raw/paper_0726c6bf1530_7df3e726/aita/ipo__Achievement__seed13.DONE,390,418eb4ee08bf85d2a56fba9bebc5046a60f0fe7715faa36f95e64881668636d2
/root/autodl-tmp/value_alignment_benchmark/results/raw/paper_0726c6bf1530_7df3e726/aita/ipo__Power__seed13.parquet,26664,872a7eaa10a9932e0f6271b9ee3825e6bad5923ecdb9a32851fc82587a71dc20
/root/autodl-tmp/value_alignment_benchmark/results/raw/paper_0726c6bf1530_7df3e726/aita/ipo__Power__seed13.DONE,383,a516408be324c760c6e888f37f16809fe696252f1cd1882d206a1d5f8d0152df
/root/autodl-tmp/value_alignment_benchmark/results/raw/paper_0726c6bf1530_7df3e726/aita/ipo__Security__seed13.parquet,44556,b3775a905a774e182a0ea72c3ed33a6faa720790450a8f1d78ec7808d1c31e4b
/root/autodl-tmp/value_alignment_benchmark/results/raw/paper_0726c6bf1530_7df3e726/aita/ipo__Security__seed13.DONE,386,959c6e615cea9c4c7cacaa6379e7c129fef271116bf8a782f0988aeef0959054
/root/autodl-tmp/value_alignment_benchmark/results/raw/paper_0726c6bf1530_7df3e726/aita/ipo__Conformity__seed13.parquet,68918,b112020faf420d0d55f9845f05ead29ee6fa3f1176eb5f501b12945409cae252
/root/autodl-tmp/value_alignment_benchmark/results/raw/paper_0726c6bf1530_7df3e726/aita/ipo__Conformity__seed13.DONE,389,f8a1735c99ebc8cab7e2f09d49895bfe8fda7a279c6d9b5b9853f503e3942a60
/root/autodl-tmp/value_alignment_benchmark/results/raw/paper_0726c6bf1530_7df3e726/aita/ipo__Tradition__seed13.parquet,11727,e956297b8203bdbff3821a407d22ebb4156d70ed9a22cff9a9d1722f4278af8d
/root/autodl-tmp/value_alignment_benchmark/results/raw/paper_0726c6bf1530_7df3e726/aita/ipo__Tradition__seed13.DONE,386,25e2de6d3d27cc2d922b3c1a3a1ce63748099d1c843d6ae27715f0c0a67e506d
/root/autodl-tmp/value_alignment_benchmark/results/raw/paper_0726c6bf1530_7df3e726/aita/ipo__Benevolence__seed13.parquet,81484,a7c36bd13e8e3171300bfa182b92cb83778106c490d8b99e275e1e80b7f4a355
/root/autodl-tmp/value_alignment_benchmark/results/raw/paper_0726c6bf1530_7df3e726/aita/ipo__Benevolence__seed13.DONE,389,db67decfb9399aa408e88878f70deb87b0995c8818c6b0b984541c8bacc99074
/root/autodl-tmp/value_alignment_benchmark/results/raw/paper_0726c6bf1530_7df3e726/aita/ipo__Universalism__seed13.parquet,83655,a41b794f183bf09c87818720836c3341001ac2d6a208954665dc1f0b5492cfe6
/root/autodl-tmp/value_alignment_benchmark/results/raw/paper_0726c6bf1530_7df3e726/aita/ipo__Universalism__seed13.DONE,391,27b8e33fbcb6e049be4ea56b5c463f975b52ccb91ea2d68a7e8aa99c5faa6357
/root/autodl-tmp/value_alignment_benchmark/results/raw/paper_0726c6bf1530_7df3e726/aita/simpo__control__seed13.parquet,325860,bc2d1054f1499863b8e898490d69c189cc3fd47024056bb112a903e18f4a8187
/root/autodl-tmp/value_alignment_benchmark/results/raw/paper_0726c6bf1530_7df3e726/aita/simpo__control__seed13.DONE,387,e33eb6294967e0dcdc22dd37ba91f1d1ba8d1588d045f25ec0052cc4e9142557
/root/autodl-tmp/value_alignment_benchmark/results/raw/paper_0726c6bf1530_7df3e726/aita/simpo__Self_direction__seed13.parquet,47297,0692f9e339eb50cec824fd5b70758e9f927479c81320b4189b17ac224cd40755
/root/autodl-tmp/value_alignment_benchmark/results/raw/paper_0726c6bf1530_7df3e726/aita/simpo__Self_direction__seed13.DONE,394,b0f6fbd1f8735d984802db07728b873df3e30361340ea8b88472f5c4faa7fe5b
/root/autodl-tmp/value_alignment_benchmark/results/raw/paper_0726c6bf1530_7df3e726/aita/simpo__Stimulation__seed13.parquet,10572,fa12fdc0ab476347f6b5a38fd64595e5fd74c454a21f3ece2e85b5953ac69825
/root/autodl-tmp/value_alignment_benchmark/results/raw/paper_0726c6bf1530_7df3e726/aita/simpo__Stimulation__seed13.DONE,391,2e08134ba5e99a1014db8b172afadc1398548da54300600c8cd5569fbc27c7f7
/root/autodl-tmp/value_alignment_benchmark/results/raw/paper_0726c6bf1530_7df3e726/aita/simpo__Hedonism__seed13.parquet,10960,1c01b43c2e15fcf92a3ba50c6663458425f7f7af8fbe96564426bb76709f2563
/root/autodl-tmp/value_alignment_benchmark/results/raw/paper_0726c6bf1530_7df3e726/aita/simpo__Hedonism__seed13.DONE,388,56a3857c7e9e62ce2c7efce96c39e10d9424507a3787f1399fb346d83cdda86a
/root/autodl-tmp/value_alignment_benchmark/results/raw/paper_0726c6bf1530_7df3e726/aita/simpo__Achievement__seed13.parquet,16230,5b31d6d39aa637eb4f6f707bff5b21e8e574c4a6a950ca29db1115e5f94960e7
/root/autodl-tmp/value_alignment_benchmark/results/raw/paper_0726c6bf1530_7df3e726/aita/simpo__Achievement__seed13.DONE,392,a867f690c1ec883dd0dda9597366e17da055ab1e0c26a6f6c210fe01e55e2b39
/root/autodl-tmp/value_alignment_benchmark/results/raw/paper_0726c6bf1530_7df3e726/aita/simpo__Power__seed13.parquet,26704,48bb498a27cf5c41f5064ef2fdf27d6113c091bf8f6763a3b5ba3bca1287cfd8
/root/autodl-tmp/value_alignment_benchmark/results/raw/paper_0726c6bf1530_7df3e726/aita/simpo__Power__seed13.DONE,385,283c481028046156e054e4e56a21908b6fc11b67fcd65c2f97ff486d6e9d71c9
/root/autodl-tmp/value_alignment_benchmark/results/raw/paper_0726c6bf1530_7df3e726/aita/simpo__Security__seed13.parquet,44573,fd41b4f3e7e1196117086c9f3729e38abde78bde2386979c10fa130018911e41
/root/autodl-tmp/value_alignment_benchmark/results/raw/paper_0726c6bf1530_7df3e726/aita/simpo__Security__seed13.DONE,388,2fc55a95c4e62d8d37531776559c4ed3c06eaaa64da3c0d79d631b156e97a4e1
/root/autodl-tmp/value_alignment_benchmark/results/raw/paper_0726c6bf1530_7df3e726/aita/simpo__Conformity__seed13.parquet,68950,95adc3d1410882a828fd7cd2c4de04f92ce4e6764527225ae9f876123ca5748a
/root/autodl-tmp/value_alignment_benchmark/results/raw/paper_0726c6bf1530_7df3e726/aita/simpo__Conformity__seed13.DONE,391,b215ebcae2ebefdffe30e959bf895d515ea0a53138d65073d101034eac648902
/root/autodl-tmp/value_alignment_benchmark/results/raw/paper_0726c6bf1530_7df3e726/aita/simpo__Tradition__seed13.parquet,11742,95fc8da37267c9eba2a342f466273373009de061d40cdefac80b0b300817cba9
/root/autodl-tmp/value_alignment_benchmark/results/raw/paper_0726c6bf1530_7df3e726/aita/simpo__Tradition__seed13.DONE,388,794dde1762bcd9d9fb03d89d0af8d3774280321cb7979e89bdcf692f89b98a88
/root/autodl-tmp/value_alignment_benchmark/results/raw/paper_0726c6bf1530_7df3e726/aita/simpo__Benevolence__seed13.parquet,81526,4b0306b608a6024069efb8821acd6e94273172cf6bdc413b65fc34d29bea87ea
/root/autodl-tmp/value_alignment_benchmark/results/raw/paper_0726c6bf1530_7df3e726/aita/simpo__Benevolence__seed13.DONE,391,933ad18cb6fa130059b4996f837b19057da745ee6e958894cc990b459e9c3a7a
/root/autodl-tmp/value_alignment_benchmark/results/raw/paper_0726c6bf1530_7df3e726/aita/simpo__Universalism__seed13.parquet,83585,852aebedd1df170a6359b4147114da7260e0808828cdbf0585a3d9536bd2eb0a
/root/autodl-tmp/value_alignment_benchmark/results/raw/paper_0726c6bf1530_7df3e726/aita/simpo__Universalism__seed13.DONE,393,f0ebf11f4b0e850800d05c87f958b4e96c7ea6c9dce715de95c3feee16de2c2d
/root/autodl-tmp/value_alignment_benchmark/results/raw/paper_0726c6bf1530_7df3e726/aita/orpo__control__seed13.parquet,325757,4bf6c0b3a19f0c4721f85b707bbc3de159cbbe383810dadb204b1b99eaafd023
/root/autodl-tmp/value_alignment_benchmark/results/raw/paper_0726c6bf1530_7df3e726/aita/orpo__control__seed13.DONE,386,8a58802d763429255dfcbaec310504cbaa0ee88c645ad72543fa6bb63577f0ab
/root/autodl-tmp/value_alignment_benchmark/results/raw/paper_0726c6bf1530_7df3e726/aita/orpo__Self_direction__seed13.parquet,47274,00ca793df2b09760f61c9774195480f10ac550a92b5af49aec3365050bfd56f7
/root/autodl-tmp/value_alignment_benchmark/results/raw/paper_0726c6bf1530_7df3e726/aita/orpo__Self_direction__seed13.DONE,393,9a0908b8232ccf0ba56b07f70d3153d60a7008712b35d52e8d71f571a3654626
/root/autodl-tmp/value_alignment_benchmark/results/raw/paper_0726c6bf1530_7df3e726/aita/orpo__Stimulation__seed13.parquet,10565,676cecb81235889d28d1ba400576c5573bf0a501c1379358b1ab135c2df97794
/root/autodl-tmp/value_alignment_benchmark/results/raw/paper_0726c6bf1530_7df3e726/aita/orpo__Stimulation__seed13.DONE,390,31b5ab1103fb8343824a4f3c0f9c1c99670034745233f5fe0487ded373c18c6c
/root/autodl-tmp/value_alignment_benchmark/results/raw/paper_0726c6bf1530_7df3e726/aita/orpo__Hedonism__seed13.parquet,10957,3c5c5815cae35ce6107d60c3cdee7b4eaf23c70a3c675953b4a17059d54e2ee5
/root/autodl-tmp/value_alignment_benchmark/results/raw/paper_0726c6bf1530_7df3e726/aita/orpo__Hedonism__seed13.DONE,387,86ffd00e2dd91ee880396f9b5bef5b3de43cdaf7c76df2d99724e02b4bc5f850
/root/autodl-tmp/value_alignment_benchmark/results/raw/paper_0726c6bf1530_7df3e726/aita/orpo__Achievement__seed13.parquet,16218,539be59a3bd3c27f88a191f01fca6d1f423c3bc742c0bec991a58eef7bce9ae7
/root/autodl-tmp/value_alignment_benchmark/results/raw/paper_0726c6bf1530_7df3e726/aita/orpo__Achievement__seed13.DONE,390,987d0614171879dbc8f0227b9a86c6be07a95d66c4d4ba78fdf4c7000f29ad57
/root/autodl-tmp/value_alignment_benchmark/results/raw/paper_0726c6bf1530_7df3e726/aita/orpo__Power__seed13.parquet,26662,b9fdc570ab3b6ae00429c4a6b1189c99418e68a84f9df811b6a57d672c391a14
/root/autodl-tmp/value_alignment_benchmark/results/raw/paper_0726c6bf1530_7df3e726/aita/orpo__Power__seed13.DONE,384,e1d961ba390d2aee92c29becce491b657da0aa7aedfd9bec2111f0766b3a7e59
/root/autodl-tmp/value_alignment_benchmark/results/raw/paper_0726c6bf1530_7df3e726/aita/orpo__Security__seed13.parquet,44562,d69036abd079059f843e0785fe3e081313969cf2f5a7431820e1c5198d1ae050
/root/autodl-tmp/value_alignment_benchmark/results/raw/paper_0726c6bf1530_7df3e726/aita/orpo__Security__seed13.DONE,387,7156f39180397af55c3ac0162f33940929be6455454d84b9ee799e58ed584250
/root/autodl-tmp/value_alignment_benchmark/results/raw/paper_0726c6bf1530_7df3e726/aita/orpo__Conformity__seed13.parquet,68905,f88c134eb97ad045196e14080e0570d02488ea11d413fd9ea03058264c8d0679
/root/autodl-tmp/value_alignment_benchmark/results/raw/paper_0726c6bf1530_7df3e726/aita/orpo__Conformity__seed13.DONE,390,ef9eb561ef0a64a3f720c2243cb2119e58cc688f7cd52fdd0da99d9d4838b49f
/root/autodl-tmp/value_alignment_benchmark/results/raw/paper_0726c6bf1530_7df3e726/aita/orpo__Tradition__seed13.parquet,11730,3d2a589bbbff76788bc86c7b8a8300bea32d3e575e863e98d0bbf57fbc6549f7
/root/autodl-tmp/value_alignment_benchmark/results/raw/paper_0726c6bf1530_7df3e726/aita/orpo__Tradition__seed13.DONE,388,627019bcbad4b7b7c0dd277186f562e4ae30eda59ee404cc063b0be405af5578
/root/autodl-tmp/value_alignment_benchmark/results/raw/paper_0726c6bf1530_7df3e726/aita/orpo__Benevolence__seed13.parquet,81485,58bb1d7c09ce4749db9c92ec882b8c77f4948456a77bb96f1ff643a23e43d312
/root/autodl-tmp/value_alignment_benchmark/results/raw/paper_0726c6bf1530_7df3e726/aita/orpo__Benevolence__seed13.DONE,391,5019e17fa6267ba529c4091a3856d06f58a350b932e50df5821e4bb020e60267
/root/autodl-tmp/value_alignment_benchmark/results/raw/paper_0726c6bf1530_7df3e726/aita/orpo__Universalism__seed13.parquet,83593,b28ee90d26df8dab7eaf7a6fa9bde4933e9a4a2245dfca3237d2a998be2cf3a0
/root/autodl-tmp/value_alignment_benchmark/results/raw/paper_0726c6bf1530_7df3e726/aita/orpo__Universalism__seed13.DONE,392,20da02595ceca904d4911af727af9b7a9ff2c6b51a50107c721e70af2871cbb4
/root/autodl-tmp/value_alignment_benchmark/results/raw/paper_0726c6bf1530_7df3e726/aita/kto__control__seed13.parquet,325738,058e26f9db75671fa1b8b80fed156eb5c12cc6a453545cbd41166bd314c85755
/root/autodl-tmp/value_alignment_benchmark/results/raw/paper_0726c6bf1530_7df3e726/aita/kto__control__seed13.DONE,385,971c703eebac76a07798d9bb6f072a40b9c38fdbbb2d7e9f6ef5e0c9b1a5cb8c
/root/autodl-tmp/value_alignment_benchmark/results/raw/paper_0726c6bf1530_7df3e726/aita/kto__Self_direction__seed13.parquet,47283,733a6c276bb7292a5277b55e441dd70ebd66182ca73d1ca643b172985f66aa45
/root/autodl-tmp/value_alignment_benchmark/results/raw/paper_0726c6bf1530_7df3e726/aita/kto__Self_direction__seed13.DONE,392,673d213e0028ee7f364204eb63d70697695047cee7676538f1487b5425d74e9f
/root/autodl-tmp/value_alignment_benchmark/results/raw/paper_0726c6bf1530_7df3e726/aita/kto__Stimulation__seed13.parquet,10554,a093d01b48a43fef28c448a4199871706c12106e10cddafb6070bd03a5efe509
/root/autodl-tmp/value_alignment_benchmark/results/raw/paper_0726c6bf1530_7df3e726/aita/kto__Stimulation__seed13.DONE,389,3165647c5f4542abe654cfc50691f06e3e0db62e3de17fd3c0dcff651af61cc9
/root/autodl-tmp/value_alignment_benchmark/results/raw/paper_0726c6bf1530_7df3e726/aita/kto__Hedonism__seed13.parquet,10943,6ef68487510c6c619d2d7d32910db7d0eb7bb2620a98f68ed645b784b1fa1a20
/root/autodl-tmp/value_alignment_benchmark/results/raw/paper_0726c6bf1530_7df3e726/aita/kto__Hedonism__seed13.DONE,386,82167330c088969dc9698032bce3cb3f6c33aa9cb0e46d4c267e66f93f51561b
/root/autodl-tmp/value_alignment_benchmark/results/raw/paper_0726c6bf1530_7df3e726/aita/kto__Achievement__seed13.parquet,16219,b7b02ae74bec0cc55147276d6d7a8b79951fa9bc8fde24be21c03e3b5b63942b
/root/autodl-tmp/value_alignment_benchmark/results/raw/paper_0726c6bf1530_7df3e726/aita/kto__Achievement__seed13.DONE,390,ecbdfb5f2acde36a3650c56335718819a87f2ce9335e090d21e26aa757e1c940
/root/autodl-tmp/value_alignment_benchmark/results/raw/paper_0726c6bf1530_7df3e726/aita/kto__Power__seed13.parquet,26696,cb9abc8bc6152e6ee103bdd63d5722c2b7bd1ef650deb0d68c211c311f13ee28
/root/autodl-tmp/value_alignment_benchmark/results/raw/paper_0726c6bf1530_7df3e726/aita/kto__Power__seed13.DONE,383,e43429bc609dc4a55a5b864fe8a0863752cf1a5ad045108fd07cacc6032c8df6
/root/autodl-tmp/value_alignment_benchmark/results/raw/paper_0726c6bf1530_7df3e726/aita/kto__Security__seed13.parquet,44572,032fc393d50479c0beb93a92be4d26228dc342c094369049db5daff285395450
/root/autodl-tmp/value_alignment_benchmark/results/raw/paper_0726c6bf1530_7df3e726/aita/kto__Security__seed13.DONE,386,bf6d70f802b7898ac2c83dd8e22b8e984e7bc4343545f5286ea8d34d5dd993e4
/root/autodl-tmp/value_alignment_benchmark/results/raw/paper_0726c6bf1530_7df3e726/aita/kto__Conformity__seed13.parquet,68932,da0cc1cc913af4da6250a7e91946939cba2e23873c00cc4a2c9e1166283734bc
/root/autodl-tmp/value_alignment_benchmark/results/raw/paper_0726c6bf1530_7df3e726/aita/kto__Conformity__seed13.DONE,389,df8b8650d707aadc8099c54a0366fe04cd70fea11e230f350990ee812061197e
/root/autodl-tmp/value_alignment_benchmark/results/raw/paper_0726c6bf1530_7df3e726/aita/kto__Tradition__seed13.parquet,11724,023dcd338b58ccb636317d97e60169596ef184852aa937b76b453f2ab64b459f
/root/autodl-tmp/value_alignment_benchmark/results/raw/paper_0726c6bf1530_7df3e726/aita/kto__Tradition__seed13.DONE,386,754530b9ff1ecb4341caa5f186bd3af341f817d832ea0a6f1c75f3e3ab6e1bf8
/root/autodl-tmp/value_alignment_benchmark/results/raw/paper_0726c6bf1530_7df3e726/aita/kto__Benevolence__seed13.parquet,81480,4980592770552de694539a1d2bbce18d6586474120fd16e6dc20bb5b7a74f07e
/root/autodl-tmp/value_alignment_benchmark/results/raw/paper_0726c6bf1530_7df3e726/aita/kto__Benevolence__seed13.DONE,390,708902278bd4e44226eda921d415e7d0c208f4ba960ebc69c462351cab1d1d45
/root/autodl-tmp/value_alignment_benchmark/results/raw/paper_0726c6bf1530_7df3e726/aita/kto__Universalism__seed13.parquet,83596,3531d810cdaf6b290977ac7de38032279d03f138c87c35f381c0064c2d173bd3
/root/autodl-tmp/value_alignment_benchmark/results/raw/paper_0726c6bf1530_7df3e726/aita/kto__Universalism__seed13.DONE,391,a7638b8e2abeaa395c053705abf0ab069c4a2f5b11acd6085c7d21453cc72f29
/root/autodl-tmp/value_alignment_benchmark/results/raw/paper_0726c6bf1530_7df3e726/aita/caa_residual__control__seed13.parquet,326947,f3a63919116b92e615e984d8b9204c5ad66fc86e9ca07c3932f66a7ad8a08b36
/root/autodl-tmp/value_alignment_benchmark/results/raw/paper_0726c6bf1530_7df3e726/aita/caa_residual__control__seed13.DONE,394,53a74d936250b187e931496a9c4718df722b916a78073820c9a121ae940899ea
/root/autodl-tmp/value_alignment_benchmark/results/raw/paper_0726c6bf1530_7df3e726/aita/caa_residual__Self_direction__seed13.parquet,48571,fdb8c4e6bdcb28c82205cbd6fa91cf329bd41d75a96aecdd2eaf280cac3733d4
/root/autodl-tmp/value_alignment_benchmark/results/raw/paper_0726c6bf1530_7df3e726/aita/caa_residual__Self_direction__seed13.DONE,401,fd4b84a5e6cb60478850c92a17a4faa2610de6ddd3ecb81fcaea331c56dc2f6a
/root/autodl-tmp/value_alignment_benchmark/results/raw/paper_0726c6bf1530_7df3e726/aita/caa_residual__Stimulation__seed13.parquet,11928,de0ee55498a27090425d39327da89ed06434d6808e32ecab28f013b68e84d582
/root/autodl-tmp/value_alignment_benchmark/results/raw/paper_0726c6bf1530_7df3e726/aita/caa_residual__Stimulation__seed13.DONE,398,f6054a34c89c994546c17fffc087c2f90bbb39f772ed17e5e0ae8947941dd845
/root/autodl-tmp/value_alignment_benchmark/results/raw/paper_0726c6bf1530_7df3e726/aita/caa_residual__Hedonism__seed13.parquet,12320,4dcf7c6bd569aef6e951e62178223aa8a25ab7a011b3aabe4db3caec660917c1
/root/autodl-tmp/value_alignment_benchmark/results/raw/paper_0726c6bf1530_7df3e726/aita/caa_residual__Hedonism__seed13.DONE,395,b3d6582d4ba45ad103da1128fe75fab1645ff35550182a41efcd5c615f6c9139
/root/autodl-tmp/value_alignment_benchmark/results/raw/paper_0726c6bf1530_7df3e726/aita/caa_residual__Achievement__seed13.parquet,17588,e55f2042844ec90a0417900cc50cd55bae7efcdd19367ff9ddb4b00d16c3180d
/root/autodl-tmp/value_alignment_benchmark/results/raw/paper_0726c6bf1530_7df3e726/aita/caa_residual__Achievement__seed13.DONE,399,9ac9f0357cc7ecdd8c78afbf8cca0c68957dbb942e398860fd51a0f971a2649d
/root/autodl-tmp/value_alignment_benchmark/results/raw/paper_0726c6bf1530_7df3e726/aita/caa_residual__Power__seed13.parquet,28052,f74e35cd195fe9fc96c9ea80ecec57870da6ba0a5f904dbd02235fb56f9aab64
/root/autodl-tmp/value_alignment_benchmark/results/raw/paper_0726c6bf1530_7df3e726/aita/caa_residual__Power__seed13.DONE,392,4ba55319d8a8833557958aca85f076dbb5151bb1210e1cfbb65e978cf0777c87
/root/autodl-tmp/value_alignment_benchmark/results/raw/paper_0726c6bf1530_7df3e726/aita/caa_residual__Security__seed13.parquet,45936,5bdeb6598d3e3836ecd4bccbe9a856ff991004c8a151ffcedf37bbc1d593cfee
/root/autodl-tmp/value_alignment_benchmark/results/raw/paper_0726c6bf1530_7df3e726/aita/caa_residual__Security__seed13.DONE,394,a5134286684401dd58764f0d05bec7b1e327c98d7e059af18ea8f5b38f124387
/root/autodl-tmp/value_alignment_benchmark/results/raw/paper_0726c6bf1530_7df3e726/aita/caa_residual__Conformity__seed13.parquet,70301,091d6ff8d6bb1164bd10581012424e68c7f6f50042edcfdf6e3abdf303a7d3b5
/root/autodl-tmp/value_alignment_benchmark/results/raw/paper_0726c6bf1530_7df3e726/aita/caa_residual__Conformity__seed13.DONE,398,4aa020bb478a4046586b98cc5bd23f4cc998d4ccf708e07a8ebddb8c90540775
/root/autodl-tmp/value_alignment_benchmark/results/raw/paper_0726c6bf1530_7df3e726/aita/caa_residual__Tradition__seed13.parquet,13092,c336ecb325de3b2cd80c5bea4a607647e9a6f9ff56753cc0cce1d4a5f9678005
/root/autodl-tmp/value_alignment_benchmark/results/raw/paper_0726c6bf1530_7df3e726/aita/caa_residual__Tradition__seed13.DONE,396,10c2eacb1b58fd681c7b71a5281969114a6286d2670b9ad3f4f362f6c9bb86ab
/root/autodl-tmp/value_alignment_benchmark/results/raw/paper_0726c6bf1530_7df3e726/aita/caa_residual__Benevolence__seed13.parquet,82908,f88a362ea0c530c7ccbc363f9914c3a656988962c4e1ad87b1c9090909a3c583
/root/autodl-tmp/value_alignment_benchmark/results/raw/paper_0726c6bf1530_7df3e726/aita/caa_residual__Benevolence__seed13.DONE,398,ec8f27082d5fef8acadb8d680b6a5828001c3cc0690420754445eecfb562f80c
/root/autodl-tmp/value_alignment_benchmark/results/raw/paper_0726c6bf1530_7df3e726/aita/caa_residual__Universalism__seed13.parquet,84916,5f7b49add2907c67648750cdc648ab466c138fe1789a540a170f8f37f5bb4de9
/root/autodl-tmp/value_alignment_benchmark/results/raw/paper_0726c6bf1530_7df3e726/aita/caa_residual__Universalism__seed13.DONE,400,d439389e134327424a1778662c53c53a98d0ec931d1a4c07702dc93607efabd0
/root/autodl-tmp/value_alignment_benchmark/results/raw/paper_0726c6bf1530_7df3e726/aita/caa_attention__control__seed13.parquet,326954,197cd5665c92859c88b3ceafea3f332ad96594522d3c7232da239b01ca57b794
/root/autodl-tmp/value_alignment_benchmark/results/raw/paper_0726c6bf1530_7df3e726/aita/caa_attention__control__seed13.DONE,393,082b5a377304bbff2dda260745ee496804565243ab7765039e8b4b807b853aa2
/root/autodl-tmp/value_alignment_benchmark/results/raw/paper_0726c6bf1530_7df3e726/aita/caa_attention__Self_direction__seed13.parquet,48695,bff40ae88b5af1f5675f750b9ac575e685791171ad1c907e6e069bb130425439
/root/autodl-tmp/value_alignment_benchmark/results/raw/paper_0726c6bf1530_7df3e726/aita/caa_attention__Self_direction__seed13.DONE,401,405d896064be6da87a5c1c541bb2a84353450cac5dd4bdec0e343844ec9e98ba
/root/autodl-tmp/value_alignment_benchmark/results/raw/paper_0726c6bf1530_7df3e726/aita/caa_attention__Stimulation__seed13.parquet,11932,bfd38bd29bc1dbfd448e0a58be789966152341db9269b9607b0b7eeb3b154f71
/root/autodl-tmp/value_alignment_benchmark/results/raw/paper_0726c6bf1530_7df3e726/aita/caa_attention__Stimulation__seed13.DONE,399,9868c6e72ea0e0a51e33a27f35a00b7251063fc4e1ac2875a61e230846017d4b
/root/autodl-tmp/value_alignment_benchmark/results/raw/paper_0726c6bf1530_7df3e726/aita/caa_attention__Hedonism__seed13.parquet,12324,13177942b94620663550e06fbc5ce128d28ea82f1ffdf89ad93fed0b360b710e
/root/autodl-tmp/value_alignment_benchmark/results/raw/paper_0726c6bf1530_7df3e726/aita/caa_attention__Hedonism__seed13.DONE,396,c11f82989ec05df169ca1ff04876912a73c16a9825e99d415cc9eb8ac35bd7ef
/root/autodl-tmp/value_alignment_benchmark/results/raw/paper_0726c6bf1530_7df3e726/aita/caa_attention__Achievement__seed13.parquet,17602,bec8bd63722a4486d0fc30158069f50b0a7192995469afcc0d692d1a865b83c6
/root/autodl-tmp/value_alignment_benchmark/results/raw/paper_0726c6bf1530_7df3e726/aita/caa_attention__Achievement__seed13.DONE,400,e3280036c31436de943f524f03db6cf718dcd1189c2c1c4ae8cb7e2013788d3a
/root/autodl-tmp/value_alignment_benchmark/results/raw/paper_0726c6bf1530_7df3e726/aita/caa_attention__Power__seed13.parquet,28042,073b8e27502866dd920fdb4d2cfe56bf8c629631aa957f4fb666c68dbac22f63
/root/autodl-tmp/value_alignment_benchmark/results/raw/paper_0726c6bf1530_7df3e726/aita/caa_attention__Power__seed13.DONE,393,56aa5607f3feafaed9527af878a093ebd2bd7ddbae6c1690a9cb05575703c05b
/root/autodl-tmp/value_alignment_benchmark/results/raw/paper_0726c6bf1530_7df3e726/aita/caa_attention__Security__seed13.parquet,45853,f05c3451a641aff4c5ca2ac273d23a879a14be81fb3d8f81afe75d3102eb1f99
/root/autodl-tmp/value_alignment_benchmark/results/raw/paper_0726c6bf1530_7df3e726/aita/caa_attention__Security__seed13.DONE,395,b1c7dc0f3d0b6b4f6fab1831b7b9a23c2c598c26e61a4d0d1d68d968a7f523f7
/root/autodl-tmp/value_alignment_benchmark/results/raw/paper_0726c6bf1530_7df3e726/aita/caa_attention__Conformity__seed13.parquet,70186,bbc98f18c18906c2b0e265dbdcdb5ce8954a8c183b3d7d56c62107dd756d1492
/root/autodl-tmp/value_alignment_benchmark/results/raw/paper_0726c6bf1530_7df3e726/aita/caa_attention__Conformity__seed13.DONE,397,916886e6e6b527232ec32591380298a38bfcbc00e3e583eb34f6856bbdbcd14d
/root/autodl-tmp/value_alignment_benchmark/results/raw/paper_0726c6bf1530_7df3e726/aita/caa_attention__Tradition__seed13.parquet,13095,96e9968fe223035c167b426455ebb9eb178da795bece4497f5b2259b2afe2acc
/root/autodl-tmp/value_alignment_benchmark/results/raw/paper_0726c6bf1530_7df3e726/aita/caa_attention__Tradition__seed13.DONE,397,65586395e05c513ed10d267dc5121ccdd31007b5751fe2cabb780e022ac3818c
/root/autodl-tmp/value_alignment_benchmark/results/raw/paper_0726c6bf1530_7df3e726/aita/caa_attention__Benevolence__seed13.parquet,82893,fbd18b0afb40e87bfb8450cc19e35802915916f9312e4f5ebc657a3bbf9993db
/root/autodl-tmp/value_alignment_benchmark/results/raw/paper_0726c6bf1530_7df3e726/aita/caa_attention__Benevolence__seed13.DONE,400,d20d040d7a014ff6d8890b5d36b6e477bdfaefbd498f921df68e02f6186f3296
/root/autodl-tmp/value_alignment_benchmark/results/raw/paper_0726c6bf1530_7df3e726/aita/caa_attention__Universalism__seed13.parquet,85028,867d875983f7cb4d6dd0c6c11b47c05ab558a6f2bfa7b0c26f9935df80d772b4
/root/autodl-tmp/value_alignment_benchmark/results/raw/paper_0726c6bf1530_7df3e726/aita/caa_attention__Universalism__seed13.DONE,400,4f2b5c17c797c51a3cd7cf261c8a2812829d4fc19a3ad0b0bdb829f6c325646a
/root/autodl-tmp/value_alignment_benchmark/results/aggregate/method_summary.csv,2225,1acb8952ea89816e87558a4ac270731236bf35fd538309c4f1ef742675abb2d9
/root/autodl-tmp/value_alignment_benchmark/baselines/kvs_frozen_ratings_0726c6bf1530.parquet,261016,f5b6d630e4f5208e5da2135965e65beffa33fdf2d5689821942b77fd2f3212bc
/root/autodl-tmp/value_alignment_benchmark/manifests/runs/paper_0726c6bf1530_7df3e726/sft__control__seed13.json,2751,81367aa6e06ea458d0d0441d741d0011fdbd2caa870c5c4b67bd8e15ad039145
/root/autodl-tmp/value_alignment_benchmark/logs/paper_0726c6bf1530_7df3e726/sft__control__seed13_training_curve.parquet,10986,388af4c582e86fa1380a76251073d2a4a65c2f7052f04ad63115658869ae538d
/root/autodl-tmp/value_alignment_benchmark/manifests/runs/paper_0726c6bf1530_7df3e726/sft__Self_direction__seed13.json,2760,bd9b694147de0b0aa1adcebad2f400bf097915dd2ae678c3a0bc1955ddc22a2c
/root/autodl-tmp/value_alignment_benchmark/logs/paper_0726c6bf1530_7df3e726/sft__Self_direction__seed13_training_curve.parquet,10980,54115c78ea1526bf2fa088993e17c319775a102e788f7c689934ee8eec93c695
/root/autodl-tmp/value_alignment_benchmark/manifests/runs/paper_0726c6bf1530_7df3e726/sft__Stimulation__seed13.json,2758,508998372302a0dd49a6c03515836b7e5c76375873cda99989dc0b13a99512e3
/root/autodl-tmp/value_alignment_benchmark/logs/paper_0726c6bf1530_7df3e726/sft__Stimulation__seed13_training_curve.parquet,10987,b73987239afaacef5698a70145a99113a9b14fb32136d2fe05fdaeb62535b59c
/root/autodl-tmp/value_alignment_benchmark/manifests/runs/paper_0726c6bf1530_7df3e726/sft__Hedonism__seed13.json,2751,ea2a8c79a910d30e18f12dacdc85c2de509570f7e610d9ce3c7314ef3fe4e963
/root/autodl-tmp/value_alignment_benchmark/logs/paper_0726c6bf1530_7df3e726/sft__Hedonism__seed13_training_curve.parquet,10984,375d5ff2d62ef151f78525ccfc46732ce5e0247bcc4f1c176b2b789023b63b77
/root/autodl-tmp/value_alignment_benchmark/manifests/runs/paper_0726c6bf1530_7df3e726/sft__Achievement__seed13.json,2759,6916be0e3d6f29998a8ce514f080dcc54fc5501982aacfb9ee7b6664142a52b2
/root/autodl-tmp/value_alignment_benchmark/logs/paper_0726c6bf1530_7df3e726/sft__Achievement__seed13_training_curve.parquet,10989,e8c89a59b4ea2cf32ae41c3770195ca0edfbaf51556e19f2f41f731899952b0c
/root/autodl-tmp/value_alignment_benchmark/manifests/runs/paper_0726c6bf1530_7df3e726/sft__Power__seed13.json,2746,ef762c483b2a3b166079dbddee69b5e4befb743e4c7e489a5c42e053bec56002
/root/autodl-tmp/value_alignment_benchmark/logs/paper_0726c6bf1530_7df3e726/sft__Power__seed13_training_curve.parquet,10989,f991cc0a5ceefbf39b244f351cf0ffa609d1bc3189f7934a2a4f53cf767a100f
/root/autodl-tmp/value_alignment_benchmark/manifests/runs/paper_0726c6bf1530_7df3e726/sft__Security__seed13.json,2750,aaab6a44c1786584678299ea4041f1575196423f6b8a77ed0f193123794efd6b
/root/autodl-tmp/value_alignment_benchmark/logs/paper_0726c6bf1530_7df3e726/sft__Security__seed13_training_curve.parquet,10979,4c7d0883ad2c02e5001182a4c2110cab9a7f1b6d89b6fd00f04f686d3ce98520
/root/autodl-tmp/value_alignment_benchmark/manifests/runs/paper_0726c6bf1530_7df3e726/sft__Conformity__seed13.json,2756,b7122ec24131a5d6e70a3764bc45592ebeb796f6a49009db932dd92f1f007970
/root/autodl-tmp/value_alignment_benchmark/logs/paper_0726c6bf1530_7df3e726/sft__Conformity__seed13_training_curve.parquet,10985,7387f66361db605d16fb5a6f8ed2b115fbe0f24bde5f9a3b977debc54a151610
/root/autodl-tmp/value_alignment_benchmark/manifests/runs/paper_0726c6bf1530_7df3e726/sft__Tradition__seed13.json,2755,7c4a001b410b5b96e95f44fdd2cfa14259b97b6347ca8506b550f9135ba618aa
/root/autodl-tmp/value_alignment_benchmark/logs/paper_0726c6bf1530_7df3e726/sft__Tradition__seed13_training_curve.parquet,10989,965b110d8daaf8e00b8deaa1289fe474eebbe40bd1388501047f75f8930bcf89
/root/autodl-tmp/value_alignment_benchmark/manifests/runs/paper_0726c6bf1530_7df3e726/sft__Benevolence__seed13.json,2756,1d9191540a674696b002c52f65605da9c2577ce6acf0233572daf955818ecc1a
/root/autodl-tmp/value_alignment_benchmark/logs/paper_0726c6bf1530_7df3e726/sft__Benevolence__seed13_training_curve.parquet,10983,9a0371691934c1c0939595b3433f69d46ef50cd9d3a69fb95f9103786458c49a
/root/autodl-tmp/value_alignment_benchmark/manifests/runs/paper_0726c6bf1530_7df3e726/sft__Universalism__seed13.json,2758,774634abc612ec2e50815dc50dc66f77c575057710011b90996808ebaf3c283b
/root/autodl-tmp/value_alignment_benchmark/logs/paper_0726c6bf1530_7df3e726/sft__Universalism__seed13_training_curve.parquet,10984,811bcf3f4eeb3ac18f014f099cb70482f8cb77df20c9a4f51b0814a50322d5ba
/root/autodl-tmp/value_alignment_benchmark/manifests/runs/paper_0726c6bf1530_7df3e726/dpo__control__seed13.json,2750,2fc31da91a3aaabbc97f5d64b025d48aab200a197dd7473cd6c60b851805f0f2
/root/autodl-tmp/value_alignment_benchmark/logs/paper_0726c6bf1530_7df3e726/dpo__control__seed13_training_curve.parquet,23631,64ee955be12df17498daa322ce956bbdb6ed8bb916ba55ef599b0cf1f908611d
/root/autodl-tmp/value_alignment_benchmark/manifests/runs/paper_0726c6bf1530_7df3e726/dpo__Self_direction__seed13.json,2761,534de044943edadc5f8dd714f2845615bd350dd7a245758258df49aa0459478e
/root/autodl-tmp/value_alignment_benchmark/logs/paper_0726c6bf1530_7df3e726/dpo__Self_direction__seed13_training_curve.parquet,23610,d9265c8a1eeee7258c5e8919e676591e744506e96badc312d4019d30d9313c9e
/root/autodl-tmp/value_alignment_benchmark/manifests/runs/paper_0726c6bf1530_7df3e726/dpo__Stimulation__seed13.json,2758,8d5edc79a97b634533d478785c55c05c38d6f747914f8fa7bde7aa323224ba3e
/root/autodl-tmp/value_alignment_benchmark/logs/paper_0726c6bf1530_7df3e726/dpo__Stimulation__seed13_training_curve.parquet,23601,70b177df9dc120090aa174edce0fc77a1ebfeab76461970c5f8c6d97b989ee4d
/root/autodl-tmp/value_alignment_benchmark/manifests/runs/paper_0726c6bf1530_7df3e726/dpo__Hedonism__seed13.json,2749,743d1d738fa984330182c873aedd61c28b1ae4a9e5c5c47ac9f6e1994cff48eb
/root/autodl-tmp/value_alignment_benchmark/logs/paper_0726c6bf1530_7df3e726/dpo__Hedonism__seed13_training_curve.parquet,23613,50be91870b6f81f00de7394dfa827095bc45b89d8b6233af9485bb2b32dd0e41
/root/autodl-tmp/value_alignment_benchmark/manifests/runs/paper_0726c6bf1530_7df3e726/dpo__Achievement__seed13.json,2753,36013643dc741567ce167dfdcc20040c3752033597046912944a90d2552e9722
/root/autodl-tmp/value_alignment_benchmark/logs/paper_0726c6bf1530_7df3e726/dpo__Achievement__seed13_training_curve.parquet,23629,20ff1dc3b9c4708834bfbcb54f4144e4ffd689f4e9d571d3274252a38149c61a
/root/autodl-tmp/value_alignment_benchmark/manifests/runs/paper_0726c6bf1530_7df3e726/dpo__Power__seed13.json,2743,34ba8b6c5f546460d607feee7bcb5b24e48278a5a67ce62d2cb5a11f98351c28
/root/autodl-tmp/value_alignment_benchmark/logs/paper_0726c6bf1530_7df3e726/dpo__Power__seed13_training_curve.parquet,23598,25faf62f4b6c5f6dd6c1ac778f076b3ae56f5aeb8f4b50fded0c616ef6afed39
/root/autodl-tmp/value_alignment_benchmark/manifests/runs/paper_0726c6bf1530_7df3e726/dpo__Security__seed13.json,2750,cb07e9d91b4e18f4b73af886778529ef6db1661995a9fcd5b9dc269940a9e305
/root/autodl-tmp/value_alignment_benchmark/logs/paper_0726c6bf1530_7df3e726/dpo__Security__seed13_training_curve.parquet,23623,5487d5b27248fe2113a97c29d97a0bc66af9be246985a19d08754980ad60be20
/root/autodl-tmp/value_alignment_benchmark/manifests/runs/paper_0726c6bf1530_7df3e726/dpo__Conformity__seed13.json,2754,712569b1308f8547b5560fc9d475a4e3d119cb92ad363602737e0ddb7168cfd8
/root/autodl-tmp/value_alignment_benchmark/logs/paper_0726c6bf1530_7df3e726/dpo__Conformity__seed13_training_curve.parquet,23610,b5b5956a6d8ae94051d886aeace5a796259799e1dd0957b6afe64be131726749
/root/autodl-tmp/value_alignment_benchmark/manifests/runs/paper_0726c6bf1530_7df3e726/dpo__Tradition__seed13.json,2751,16d34b9e13d89b37330623bd3cb6335b0745121120cdda1bda947b1dfc3c8a9e
/root/autodl-tmp/value_alignment_benchmark/logs/paper_0726c6bf1530_7df3e726/dpo__Tradition__seed13_training_curve.parquet,23627,7b42f5567e0b2870224870d47bbe6d61fe230571a55740f762a8093dc89a743b
/root/autodl-tmp/value_alignment_benchmark/manifests/runs/paper_0726c6bf1530_7df3e726/dpo__Benevolence__seed13.json,2756,03fb59f51b88c220baf9c48b523c053ad7ad22daef7abe69579a2cf8efd2b937
/root/autodl-tmp/value_alignment_benchmark/logs/paper_0726c6bf1530_7df3e726/dpo__Benevolence__seed13_training_curve.parquet,23617,a8b18e952c5c4bf14acd28efd08521e7c5fbbc67bcdee3fbae1792122d9007a9
/root/autodl-tmp/value_alignment_benchmark/manifests/runs/paper_0726c6bf1530_7df3e726/dpo__Universalism__seed13.json,2756,6e49d9a3cb58d16774122e3470b7bb0be47c4413b577b1bb91c3b402accf89ec
/root/autodl-tmp/value_alignment_benchmark/logs/paper_0726c6bf1530_7df3e726/dpo__Universalism__seed13_training_curve.parquet,23626,79ad103ec027b3360572a37851375d7d68afc7a8052005093eea99186ea39015
/root/autodl-tmp/value_alignment_benchmark/manifests/runs/paper_0726c6bf1530_7df3e726/hypo__control__seed13.json,2787,49d0a88d738ee9d92e4da4959b542c48a7542d9c3f6534e2feed669fb2516872
/root/autodl-tmp/value_alignment_benchmark/logs/paper_0726c6bf1530_7df3e726/hypo__control__seed13_training_curve.parquet,23631,73836a69ad95c875425ac069e2fba257777d3c47b9a96e4def5a326f100dca01
/root/autodl-tmp/value_alignment_benchmark/manifests/runs/paper_0726c6bf1530_7df3e726/hypo__Self_direction__seed13.json,2801,df88450f0699c1ccfa1b4742f0a0f456990c4a0f20821d96d250921ea32b07bb
/root/autodl-tmp/value_alignment_benchmark/logs/paper_0726c6bf1530_7df3e726/hypo__Self_direction__seed13_training_curve.parquet,23619,350a73b701deae971f4f8c327841c5c0feb7ff18c87c18509702f2591ced0eed
/root/autodl-tmp/value_alignment_benchmark/manifests/runs/paper_0726c6bf1530_7df3e726/hypo__Stimulation__seed13.json,2795,24641a83a98bde0fa22e6f4bea5238f2a79c17c4f21ef517bc2ecb0f586e18bd
/root/autodl-tmp/value_alignment_benchmark/logs/paper_0726c6bf1530_7df3e726/hypo__Stimulation__seed13_training_curve.parquet,23643,0bc8a9f52803b7220195ee1cc74af762be313ac2858ec8d50c145316f17f7019
/root/autodl-tmp/value_alignment_benchmark/manifests/runs/paper_0726c6bf1530_7df3e726/hypo__Hedonism__seed13.json,2789,29604df853ffce2c5ae051e2a1bbfe3b4c53531d37e2612555044b36aad79e2c
/root/autodl-tmp/value_alignment_benchmark/logs/paper_0726c6bf1530_7df3e726/hypo__Hedonism__seed13_training_curve.parquet,23638,67ca6dbc15ecbb2859f566c72d6259df77633e9db116e88dd3c2a9298658e569
/root/autodl-tmp/value_alignment_benchmark/manifests/runs/paper_0726c6bf1530_7df3e726/hypo__Achievement__seed13.json,2795,225275e212e752fe9e2647af5ce61687ead2de33ae4f4b754b5fd4520d606296
/root/autodl-tmp/value_alignment_benchmark/logs/paper_0726c6bf1530_7df3e726/hypo__Achievement__seed13_training_curve.parquet,23627,68103177dc738551ad2390e61b24b48b5f840519e1dc6c9814ffe68c06ed7f81
/root/autodl-tmp/value_alignment_benchmark/manifests/runs/paper_0726c6bf1530_7df3e726/hypo__Power__seed13.json,2784,d568777a63f5934ee1f27c16bad2c6ab3fdaf64bbfc4d54e37e54639b3362ec8
/root/autodl-tmp/value_alignment_benchmark/logs/paper_0726c6bf1530_7df3e726/hypo__Power__seed13_training_curve.parquet,23600,dbc96620630ed38d7f116ef6f03cbd2fc8cda963065efb8d6cd04cd8ff24ef24
/root/autodl-tmp/value_alignment_benchmark/manifests/runs/paper_0726c6bf1530_7df3e726/hypo__Security__seed13.json,2790,ebf818ce779687654ae965d1f530c3f5c772572a97781e98139115653ad7b66f
/root/autodl-tmp/value_alignment_benchmark/logs/paper_0726c6bf1530_7df3e726/hypo__Security__seed13_training_curve.parquet,23639,d0bbe21fbae7f609a19c9896836456f77317bad83404b6f638c0aaa861258519
/root/autodl-tmp/value_alignment_benchmark/manifests/runs/paper_0726c6bf1530_7df3e726/hypo__Conformity__seed13.json,2794,ce1b16111a1598eee9c80c3b17489e755b81e5994613a3b239da65d076e600ae
/root/autodl-tmp/value_alignment_benchmark/logs/paper_0726c6bf1530_7df3e726/hypo__Conformity__seed13_training_curve.parquet,23602,2ffdde680545819df52288aec0fd20daed3cfad9c509a41ab4a08f1bcfd78a24
/root/autodl-tmp/value_alignment_benchmark/manifests/runs/paper_0726c6bf1530_7df3e726/hypo__Tradition__seed13.json,2790,122304d7e1d527510952cec5fae350961b0a5ed9f5c100d0227c144448ba5cf3
/root/autodl-tmp/value_alignment_benchmark/logs/paper_0726c6bf1530_7df3e726/hypo__Tradition__seed13_training_curve.parquet,23640,f73e21e7a8a9fc1713b6c965545b36890de1e7d2411d75b0f8a82c14e2e2731d
/root/autodl-tmp/value_alignment_benchmark/manifests/runs/paper_0726c6bf1530_7df3e726/hypo__Benevolence__seed13.json,2795,da323706168980989f4b1e08fa5ffe82bf7fb2984b149a375830e4926fe2b21e
/root/autodl-tmp/value_alignment_benchmark/logs/paper_0726c6bf1530_7df3e726/hypo__Benevolence__seed13_training_curve.parquet,23623,15b8985122db484e4f457e9621f6872f0325862c5593a7b9f0a7f8ea0090afb5
/root/autodl-tmp/value_alignment_benchmark/manifests/runs/paper_0726c6bf1530_7df3e726/hypo__Universalism__seed13.json,2798,e5070d5c65bdd7cd1da15390271d25012b8298ed1960693b51c4c5efda26f900
/root/autodl-tmp/value_alignment_benchmark/logs/paper_0726c6bf1530_7df3e726/hypo__Universalism__seed13_training_curve.parquet,23629,e06edf93b41d3efc4068a362bed4eded24b6302161f47f65d10cd9cf37b6132f
/root/autodl-tmp/value_alignment_benchmark/manifests/runs/paper_0726c6bf1530_7df3e726/ipo__control__seed13.json,2748,a65bf9bf1c69d3c2d4573f528b81d64cc07aec34d501ad1ce2ae6ec40e76a4bb
/root/autodl-tmp/value_alignment_benchmark/logs/paper_0726c6bf1530_7df3e726/ipo__control__seed13_training_curve.parquet,23628,746dd25845ccfaff0fa130a48b4aea81d32c65fb82d39423601f3e9def6d4b0d
/root/autodl-tmp/value_alignment_benchmark/manifests/runs/paper_0726c6bf1530_7df3e726/ipo__Self_direction__seed13.json,2761,c2a166d42bff2a06d49f068e972971271e6319669645a994f840a831a6a4689c
/root/autodl-tmp/value_alignment_benchmark/logs/paper_0726c6bf1530_7df3e726/ipo__Self_direction__seed13_training_curve.parquet,23630,ab07f6f4b16397d2feac43c92b540e50fd5d0c055e8706512dabcfff875e4521
/root/autodl-tmp/value_alignment_benchmark/manifests/runs/paper_0726c6bf1530_7df3e726/ipo__Stimulation__seed13.json,2752,6431ed3abec8cbdb973ad02dcea68a8d5bd5f0f91848ec66016007c67c9fbace
/root/autodl-tmp/value_alignment_benchmark/logs/paper_0726c6bf1530_7df3e726/ipo__Stimulation__seed13_training_curve.parquet,23621,fcbb254a4dd3dfe7c407551e8708881377d2e5bbf2ebc494eec9fea39403c01f
/root/autodl-tmp/value_alignment_benchmark/manifests/runs/paper_0726c6bf1530_7df3e726/ipo__Hedonism__seed13.json,2750,da1704bec6873b2c85bf2cf46e2702c6d998b5043b6e170c05617adced7b1107
/root/autodl-tmp/value_alignment_benchmark/logs/paper_0726c6bf1530_7df3e726/ipo__Hedonism__seed13_training_curve.parquet,23634,5677e13066dfaacb6ec582592b60817e1d5ef9af10ed5a2f356a4ec9aafce4c1
/root/autodl-tmp/value_alignment_benchmark/manifests/runs/paper_0726c6bf1530_7df3e726/ipo__Achievement__seed13.json,2754,e3f88ad801c70dcb35681e9d6a22c6a235ef6fb14ae845f116c9943d34265731
/root/autodl-tmp/value_alignment_benchmark/logs/paper_0726c6bf1530_7df3e726/ipo__Achievement__seed13_training_curve.parquet,23643,9974570f4b44748e143cd30a126b8c4a5ca897fbfcccb0647bdcc44a5d3177ca
/root/autodl-tmp/value_alignment_benchmark/manifests/runs/paper_0726c6bf1530_7df3e726/ipo__Power__seed13.json,2742,76a049425be46a36d1baa4a1b06250388a88e9154102f73aca138e88e668e60c
/root/autodl-tmp/value_alignment_benchmark/logs/paper_0726c6bf1530_7df3e726/ipo__Power__seed13_training_curve.parquet,23646,3945f4e3bcc32ef378a9fb69f770ce28e22f54746f6d40ab816fa87bfd4d4946
/root/autodl-tmp/value_alignment_benchmark/manifests/runs/paper_0726c6bf1530_7df3e726/ipo__Security__seed13.json,2748,232163c205814b7d82fbbc5c17cd171d7d7a60d84ea9e19030e2ad1f9d3c91ea
/root/autodl-tmp/value_alignment_benchmark/logs/paper_0726c6bf1530_7df3e726/ipo__Security__seed13_training_curve.parquet,23624,ef9eb47a270cb96ee7679151504de9a752da1e0ec2de0b3db20e04232f328f64
/root/autodl-tmp/value_alignment_benchmark/manifests/runs/paper_0726c6bf1530_7df3e726/ipo__Conformity__seed13.json,2754,466c36c98f45cdea344a1801f0a720bb284f731570157b01b0a65710fd9cbe87
/root/autodl-tmp/value_alignment_benchmark/logs/paper_0726c6bf1530_7df3e726/ipo__Conformity__seed13_training_curve.parquet,23622,147c6fc35cc3bdccfb47e81745b3ba4cebe0a3898a7bbfa807cdc430310cff1b
/root/autodl-tmp/value_alignment_benchmark/manifests/runs/paper_0726c6bf1530_7df3e726/ipo__Tradition__seed13.json,2748,d43d7e3ee680518e85552781ddcb6638cd8d65f8ca885935bf1d3231b5676b7a
/root/autodl-tmp/value_alignment_benchmark/logs/paper_0726c6bf1530_7df3e726/ipo__Tradition__seed13_training_curve.parquet,23635,6e77196f489e525d078209da8f851294394498a955d81c49de25524687675bba
/root/autodl-tmp/value_alignment_benchmark/manifests/runs/paper_0726c6bf1530_7df3e726/ipo__Benevolence__seed13.json,2756,fa77d713060d7e6e58dc3b1a110bef413e3a147dc9608abe00943717d8a0fffe
/root/autodl-tmp/value_alignment_benchmark/logs/paper_0726c6bf1530_7df3e726/ipo__Benevolence__seed13_training_curve.parquet,23617,be4b4bc6d09244d0ab75a3b9adb542890d0e71c4818bfbf1a92dd0bdd16ac6ab
/root/autodl-tmp/value_alignment_benchmark/manifests/runs/paper_0726c6bf1530_7df3e726/ipo__Universalism__seed13.json,2756,fe74e6e0ae317110888b9944830ca1b00fa3a04e39e378017cf306b9539e4ef2
/root/autodl-tmp/value_alignment_benchmark/logs/paper_0726c6bf1530_7df3e726/ipo__Universalism__seed13_training_curve.parquet,23623,9160124263e9c371dc96fd675788ae17f51207b7884e10e385786264f189207a
/root/autodl-tmp/value_alignment_benchmark/manifests/runs/paper_0726c6bf1530_7df3e726/simpo__control__seed13.json,2752,7ecb2c254cbc3a7b9c119c71558457b249f792c18f4ede1102f90416dbedcc95
/root/autodl-tmp/value_alignment_benchmark/logs/paper_0726c6bf1530_7df3e726/simpo__control__seed13_training_curve.parquet,24954,a8a2450feac1769f104090ec3a9576542cfe71e37631e0609061bf1aef2c5019
/root/autodl-tmp/value_alignment_benchmark/manifests/runs/paper_0726c6bf1530_7df3e726/simpo__Self_direction__seed13.json,2764,0e31452d42c3b955bad241613c56d1046ebc29fd9d76465ef90b4ee67b5e87ec
/root/autodl-tmp/value_alignment_benchmark/logs/paper_0726c6bf1530_7df3e726/simpo__Self_direction__seed13_training_curve.parquet,24974,0766f5bdc2bb4d92251489b24f3efe58930152dafc1cf29d9c18b2b1542cba46
/root/autodl-tmp/value_alignment_benchmark/manifests/runs/paper_0726c6bf1530_7df3e726/simpo__Stimulation__seed13.json,2760,b5d76f96334a5efae93924a9f2f2e4a8027f6a9bebd5afddc94e0ad0c23cf60b
/root/autodl-tmp/value_alignment_benchmark/logs/paper_0726c6bf1530_7df3e726/simpo__Stimulation__seed13_training_curve.parquet,24959,3466e529582e722f1d15cc409fafd6aa4d7442ef2dae59c51b44b04f70dbfceb
/root/autodl-tmp/value_alignment_benchmark/manifests/runs/paper_0726c6bf1530_7df3e726/simpo__Hedonism__seed13.json,2754,d00b50efb7dc1d7a6a5f90f44fd2ada710af3bbc4694f7f138b92d31a931e123
/root/autodl-tmp/value_alignment_benchmark/logs/paper_0726c6bf1530_7df3e726/simpo__Hedonism__seed13_training_curve.parquet,24967,ea900e3caf9a42601ec35d06833e0bffc9e072f5db8e07d49363bc447d99039a
/root/autodl-tmp/value_alignment_benchmark/manifests/runs/paper_0726c6bf1530_7df3e726/simpo__Achievement__seed13.json,2760,b324c85f083535f1840fefaae3d4b6327227c25999760991967d8b24dcfbad2a
/root/autodl-tmp/value_alignment_benchmark/logs/paper_0726c6bf1530_7df3e726/simpo__Achievement__seed13_training_curve.parquet,24957,71aca4844fe599809d50cc89b8ac1dd80c418d3346db776afc2f471eb9f0663c
/root/autodl-tmp/value_alignment_benchmark/manifests/runs/paper_0726c6bf1530_7df3e726/simpo__Power__seed13.json,2748,1214263e822c8617b3d91ee4814505204dc7a9c13c5ec549e8103fc7f64dc4ac
/root/autodl-tmp/value_alignment_benchmark/logs/paper_0726c6bf1530_7df3e726/simpo__Power__seed13_training_curve.parquet,24992,14e643a2efb8445b5843cb3d0c6722c38656fb49a31498bfd2a89b187d327d3d
/root/autodl-tmp/value_alignment_benchmark/manifests/runs/paper_0726c6bf1530_7df3e726/simpo__Security__seed13.json,2754,df4ec7124b0aefa9d02f17d7ada334cde8c95aa23a29c33725b95b35f4d8d63b
/root/autodl-tmp/value_alignment_benchmark/logs/paper_0726c6bf1530_7df3e726/simpo__Security__seed13_training_curve.parquet,24961,987db396e219508686c1af7f957129b8eef3442b64e3f3d5995d580c8638478a
/root/autodl-tmp/value_alignment_benchmark/manifests/runs/paper_0726c6bf1530_7df3e726/simpo__Conformity__seed13.json,2758,617ebdd5fff24d25af2f7bf2cca5f19748dda94402601ff9d1612524b0650a4a
/root/autodl-tmp/value_alignment_benchmark/logs/paper_0726c6bf1530_7df3e726/simpo__Conformity__seed13_training_curve.parquet,24962,449fdda6f5c581e8688e13618faaa26d803134f4a9b80facd483984060a3f001
/root/autodl-tmp/value_alignment_benchmark/manifests/runs/paper_0726c6bf1530_7df3e726/simpo__Tradition__seed13.json,2755,b624c63f8de9fddfbdb85b0a785c061755d7ae6498ccfe1a15cd8c8518464ecc
/root/autodl-tmp/value_alignment_benchmark/logs/paper_0726c6bf1530_7df3e726/simpo__Tradition__seed13_training_curve.parquet,24973,e013f879e315f7b47bc7941290760cbea8a40cf6729be8ed70b23098d98fd8b3
/root/autodl-tmp/value_alignment_benchmark/manifests/runs/paper_0726c6bf1530_7df3e726/simpo__Benevolence__seed13.json,2758,77bbe28b32f7483cd125be8169d22aff0b3b14dba3ae8ca0f862efa56fa37444
/root/autodl-tmp/value_alignment_benchmark/logs/paper_0726c6bf1530_7df3e726/simpo__Benevolence__seed13_training_curve.parquet,24952,e5f50c7c4f5e1d4defb17d2084f3508758273002ca7d7eed4b40f2967ca5e2f4
/root/autodl-tmp/value_alignment_benchmark/manifests/runs/paper_0726c6bf1530_7df3e726/simpo__Universalism__seed13.json,2743,947a977533592cd25528ef4df092db1e2678ef5f01120b1ceb0f658a915fdc52
/root/autodl-tmp/value_alignment_benchmark/logs/paper_0726c6bf1530_7df3e726/simpo__Universalism__seed13_training_curve.parquet,24972,1b0ce0753affb9ee6eace6c659f99718e263ef171708ac2ad9d9187ad18188cf
/root/autodl-tmp/value_alignment_benchmark/manifests/runs/paper_0726c6bf1530_7df3e726/orpo__control__seed13.json,2729,021d26aedc4a4a50aa1cf1274c4a39eb2bfd4d9835255905e8c18e0d03844cad
/root/autodl-tmp/value_alignment_benchmark/logs/paper_0726c6bf1530_7df3e726/orpo__control__seed13_training_curve.parquet,28287,f922f40ed8ce120377cc2a8c45035dcf5db2528b29b98a02c0818698a5478127
/root/autodl-tmp/value_alignment_benchmark/manifests/runs/paper_0726c6bf1530_7df3e726/orpo__Self_direction__seed13.json,2744,a57b0e8dc6f0a7f0540d3156a0738f31ae68700261a9fa6d9437c5844288167c
/root/autodl-tmp/value_alignment_benchmark/logs/paper_0726c6bf1530_7df3e726/orpo__Self_direction__seed13_training_curve.parquet,28277,8c913b3584291e65597ca1d598f0dbe9ca8cd475278c51a78fc92bae233a32be
/root/autodl-tmp/value_alignment_benchmark/manifests/runs/paper_0726c6bf1530_7df3e726/orpo__Stimulation__seed13.json,2738,1189f0a477b235a3c0de3c80f5ad1419cbae4b5ee6222d6ba98bdd715bd66cfc
/root/autodl-tmp/value_alignment_benchmark/logs/paper_0726c6bf1530_7df3e726/orpo__Stimulation__seed13_training_curve.parquet,28272,083e305cfdfa2668686e1a4a0fb27344685cb0e0e71fd935a8280217121e1274
/root/autodl-tmp/value_alignment_benchmark/manifests/runs/paper_0726c6bf1530_7df3e726/orpo__Hedonism__seed13.json,2730,433e38eb57905fe4ebc5dfa599eee60ce0e414a03b640478da7a3c660d154343
/root/autodl-tmp/value_alignment_benchmark/logs/paper_0726c6bf1530_7df3e726/orpo__Hedonism__seed13_training_curve.parquet,28273,4b4dc7868fe66ca0001752cb1a4f986a81c1ef1e6d9f6dfc47dcf98b09865cdd
/root/autodl-tmp/value_alignment_benchmark/manifests/runs/paper_0726c6bf1530_7df3e726/orpo__Achievement__seed13.json,2740,af87ec7d2d35420224b788abdb8367a80870d0cd85ec5c7109cf6b53ba6b7d47
/root/autodl-tmp/value_alignment_benchmark/logs/paper_0726c6bf1530_7df3e726/orpo__Achievement__seed13_training_curve.parquet,28271,816bff0ffed2928f5fc28de8f9b39e3d8cb7cf5c684361ab3d62aeaa01619623
/root/autodl-tmp/value_alignment_benchmark/manifests/runs/paper_0726c6bf1530_7df3e726/orpo__Power__seed13.json,2728,68fbc280f5ffabd9652b6acc5d33663c5392a72e4f2e7c68093e57284af92ce9
/root/autodl-tmp/value_alignment_benchmark/logs/paper_0726c6bf1530_7df3e726/orpo__Power__seed13_training_curve.parquet,28264,54c3f5b5b6f2999400e113c4d43db88fc704976fe8787f7bc74146223d24966a
/root/autodl-tmp/value_alignment_benchmark/manifests/runs/paper_0726c6bf1530_7df3e726/orpo__Security__seed13.json,2732,ef22a2ef08ceb13fb2710ddba47875efba9bca251d1a3b7181ab99de781e0ca7
/root/autodl-tmp/value_alignment_benchmark/logs/paper_0726c6bf1530_7df3e726/orpo__Security__seed13_training_curve.parquet,28264,f5a0d5048ebed29c8d87ff960f053f7bd38b231ce4cb0c6563412ccaae1432f5
/root/autodl-tmp/value_alignment_benchmark/manifests/runs/paper_0726c6bf1530_7df3e726/orpo__Conformity__seed13.json,2737,9c7eead311966afe4fbb95bc8fd0b4e443318d9c187743043c42c163065dbf87
/root/autodl-tmp/value_alignment_benchmark/logs/paper_0726c6bf1530_7df3e726/orpo__Conformity__seed13_training_curve.parquet,28245,3571ea345bcb7a4d480c790979ad4fa5c243c982e31a08d4029e4d5381d7ed3c
/root/autodl-tmp/value_alignment_benchmark/manifests/runs/paper_0726c6bf1530_7df3e726/orpo__Tradition__seed13.json,2735,cd8c732c7b276ab3e6ecf19ac85d0d3c55cbb213ae4487ca36bd1f7362937a7d
/root/autodl-tmp/value_alignment_benchmark/logs/paper_0726c6bf1530_7df3e726/orpo__Tradition__seed13_training_curve.parquet,28279,e0adc92220a6ff25c6b11f0f34a7ec0e6b21a0b1ad1a2915d434f2f9509d242b
/root/autodl-tmp/value_alignment_benchmark/manifests/runs/paper_0726c6bf1530_7df3e726/orpo__Benevolence__seed13.json,2737,8bfee3a97d613c7c7897a54efe6cf6ea54579b3d56ec0f68c18c8bd88e688092
/root/autodl-tmp/value_alignment_benchmark/logs/paper_0726c6bf1530_7df3e726/orpo__Benevolence__seed13_training_curve.parquet,28266,29b275c5646243a38f8f43e65fc9627fb70f77169d142c1e9856b666a1f40f62
/root/autodl-tmp/value_alignment_benchmark/manifests/runs/paper_0726c6bf1530_7df3e726/orpo__Universalism__seed13.json,2740,05b8f5186c80090596c4052d7934c1987743afcbc54fd1cb7ba85989769b27ec
/root/autodl-tmp/value_alignment_benchmark/logs/paper_0726c6bf1530_7df3e726/orpo__Universalism__seed13_training_curve.parquet,28271,041855d89fbcd6deb3d10ec6a6310c6e4199986b6c4237df3a1d87a5afc35b9a
/root/autodl-tmp/value_alignment_benchmark/manifests/runs/paper_0726c6bf1530_7df3e726/kto__control__seed13.json,2764,8d0a95e1599c480248ca4de9a538debb99a478a4d08d52347f2953809f09cee5
/root/autodl-tmp/value_alignment_benchmark/logs/paper_0726c6bf1530_7df3e726/kto__control__seed13_training_curve.parquet,20297,146858abbac9182b3a112be0e6c922cf9f389765407c8209056d4d3ce8eae175
/root/autodl-tmp/value_alignment_benchmark/manifests/runs/paper_0726c6bf1530_7df3e726/kto__Self_direction__seed13.json,2774,1512520c8f81862d9d284745ccc3991a8a148c0271216f014a516293d8874395
/root/autodl-tmp/value_alignment_benchmark/logs/paper_0726c6bf1530_7df3e726/kto__Self_direction__seed13_training_curve.parquet,20300,dd1d140a6a04ec61ae13704866101fe2a3d7ff15631ea8afde16afbc9ddd8706
/root/autodl-tmp/value_alignment_benchmark/manifests/runs/paper_0726c6bf1530_7df3e726/kto__Stimulation__seed13.json,2771,a47bef2bad116d1a6b372dd9fbe44bb6315ed2e58536b89c499d1c19658b6a0d
/root/autodl-tmp/value_alignment_benchmark/logs/paper_0726c6bf1530_7df3e726/kto__Stimulation__seed13_training_curve.parquet,20310,1092a4a7356b821a2e197d3ae301ff8b0c6deca4856c974b65ba57513803436a
/root/autodl-tmp/value_alignment_benchmark/manifests/runs/paper_0726c6bf1530_7df3e726/kto__Hedonism__seed13.json,2763,b003a376567b192583072be7010a192c0874a95f7dd7b56fcdea314ea2c0b563
/root/autodl-tmp/value_alignment_benchmark/logs/paper_0726c6bf1530_7df3e726/kto__Hedonism__seed13_training_curve.parquet,20277,221ce6307bf84a043e5b87cfc1e9afa154f143a40fef0844c8e8a73162397c81
/root/autodl-tmp/value_alignment_benchmark/manifests/runs/paper_0726c6bf1530_7df3e726/kto__Achievement__seed13.json,2772,5b88bb90dc0d3303655cb77ffb7a07aa4558ea694730fbd6518b1909406caf07
/root/autodl-tmp/value_alignment_benchmark/logs/paper_0726c6bf1530_7df3e726/kto__Achievement__seed13_training_curve.parquet,20283,a7318eeb4fb93779e27f3dd080fef05a32e8b5f9c5f665cec26bc29b423c035c
/root/autodl-tmp/value_alignment_benchmark/manifests/runs/paper_0726c6bf1530_7df3e726/kto__Power__seed13.json,2757,15ba9ea67f5bc9415e80c55450cb482a8ff838767172e7e039330037540fa384
/root/autodl-tmp/value_alignment_benchmark/logs/paper_0726c6bf1530_7df3e726/kto__Power__seed13_training_curve.parquet,20248,0cd0671a7786ec424f2443c7ace9282d1899f55e8cc5759d5d0851144aa80630
/root/autodl-tmp/value_alignment_benchmark/manifests/runs/paper_0726c6bf1530_7df3e726/kto__Security__seed13.json,2766,1ea2fae366931138df43b229701d4bbb2f409c68ca5a5779cb37da6ada11e0c4
/root/autodl-tmp/value_alignment_benchmark/logs/paper_0726c6bf1530_7df3e726/kto__Security__seed13_training_curve.parquet,20302,847da17812121e57d14045d4c25e17837970480f5d44522972cafd11fb931d03
/root/autodl-tmp/value_alignment_benchmark/manifests/runs/paper_0726c6bf1530_7df3e726/kto__Conformity__seed13.json,2769,c5bc2a3060725a5d8007ca2148541f993415af2fc0e04578d0bb5a2208523a4f
/root/autodl-tmp/value_alignment_benchmark/logs/paper_0726c6bf1530_7df3e726/kto__Conformity__seed13_training_curve.parquet,20308,8b61b95eb61d886147307ed47cd1afcdccae5fd69dd8a3e9d3717cf44875d1f7
/root/autodl-tmp/value_alignment_benchmark/manifests/runs/paper_0726c6bf1530_7df3e726/kto__Tradition__seed13.json,2765,e5c64df04c4d5393abec80ec54b0f2fea3841c660afcb63692a9621b69347b23
/root/autodl-tmp/value_alignment_benchmark/logs/paper_0726c6bf1530_7df3e726/kto__Tradition__seed13_training_curve.parquet,20284,49a254dea3bb3ebe41e9022f308d2c046df49a30b230f2f751990739bafc8481
/root/autodl-tmp/value_alignment_benchmark/manifests/runs/paper_0726c6bf1530_7df3e726/kto__Benevolence__seed13.json,2769,7907bcae33162385eeeff877faa7dc65f0d4114c103a747b13dec772ad3d9d29
/root/autodl-tmp/value_alignment_benchmark/logs/paper_0726c6bf1530_7df3e726/kto__Benevolence__seed13_training_curve.parquet,20302,5eda78afc3ce8bd1969888e373fc30efff115a2cea9fda12efb58287dbb1fbd1
/root/autodl-tmp/value_alignment_benchmark/manifests/runs/paper_0726c6bf1530_7df3e726/kto__Universalism__seed13.json,2772,5ea8e78b909d268e2fc70afdf54e3c44dcda851c98c16340ad32fc8e9687e4ce
/root/autodl-tmp/value_alignment_benchmark/logs/paper_0726c6bf1530_7df3e726/kto__Universalism__seed13_training_curve.parquet,20299,b4da25a88ed9eb27bb6ef7f8160ea0217601ecbee807fe423f54d8145ae5bf09
/root/autodl-tmp/value_alignment_benchmark/manifests/runs/paper_0726c6bf1530_7df3e726/caa_residual__control__seed13.json,2367,178a6f2f3f1324bfe443661696d7b6786541568ac2b27847308d559aef0dc335
/root/autodl-tmp/value_alignment_benchmark/manifests/runs/paper_0726c6bf1530_7df3e726/caa_residual__Self_direction__seed13.json,2414,5d7f56b980f7b52c96226803cd6f3e5428c1cb99f6e076b377b307d04f027e7f
/root/autodl-tmp/value_alignment_benchmark/manifests/runs/paper_0726c6bf1530_7df3e726/caa_residual__Stimulation__seed13.json,2406,022709dad6c5bba2241682e95e56942e824d662b3223540b53ed1664433bd645
/root/autodl-tmp/value_alignment_benchmark/manifests/runs/paper_0726c6bf1530_7df3e726/caa_residual__Hedonism__seed13.json,2400,61788a40804c2d950d45a3dda7d323ef29fd38befc4bf59a670ae9a9387f860c
/root/autodl-tmp/value_alignment_benchmark/manifests/runs/paper_0726c6bf1530_7df3e726/caa_residual__Achievement__seed13.json,2405,a7a085c30e885e7abb585f865ff4115650f819abf84617276606127fd0ed1321
/root/autodl-tmp/value_alignment_benchmark/manifests/runs/paper_0726c6bf1530_7df3e726/caa_residual__Power__seed13.json,2397,284d9b846fb4c608dc21efd6da904b3103f7677f98fdce8eab9136a3f594ad0c
/root/autodl-tmp/value_alignment_benchmark/manifests/runs/paper_0726c6bf1530_7df3e726/caa_residual__Security__seed13.json,2402,fad5e5dea8f718bb82987131ab0c40a94c69f847407f5578d562877a5534dc8b
/root/autodl-tmp/value_alignment_benchmark/manifests/runs/paper_0726c6bf1530_7df3e726/caa_residual__Conformity__seed13.json,2402,50acd77c730fae0f5b4207a3c2a4a19628f17ac2b0199359d452b556234b4b40
/root/autodl-tmp/value_alignment_benchmark/manifests/runs/paper_0726c6bf1530_7df3e726/caa_residual__Tradition__seed13.json,2402,c25e4dbf68510ea0d6b0c82df33eac77663736084729a70c08fa2548557a0233
/root/autodl-tmp/value_alignment_benchmark/manifests/runs/paper_0726c6bf1530_7df3e726/caa_residual__Benevolence__seed13.json,2405,5af617bda11be66e373be35e2c5e31db4183f37520faca9064fa46208e861639
/root/autodl-tmp/value_alignment_benchmark/manifests/runs/paper_0726c6bf1530_7df3e726/caa_residual__Universalism__seed13.json,2408,e7f97e194fdd3f867247c169b9f85050bf03edcc17753344c9fe13ac0e167cdf
/root/autodl-tmp/value_alignment_benchmark/manifests/runs/paper_0726c6bf1530_7df3e726/caa_attention__control__seed13.json,2369,c0b297973b58ee0114d58307749defdd25b31c7ffcc565e61943282ef3b44c00
/root/autodl-tmp/value_alignment_benchmark/manifests/runs/paper_0726c6bf1530_7df3e726/caa_attention__Self_direction__seed13.json,2413,19f6053b7e7c1b5f1feff4c5ee6c76002313762cd7d621c8d54694f74473464d
/root/autodl-tmp/value_alignment_benchmark/manifests/runs/paper_0726c6bf1530_7df3e726/caa_attention__Stimulation__seed13.json,2404,6130357b110301b37bd0f39f3b0490c320a013c7a5fad58e1ab43f6817752512
/root/autodl-tmp/value_alignment_benchmark/manifests/runs/paper_0726c6bf1530_7df3e726/caa_attention__Hedonism__seed13.json,2400,48792a4f39521ff3caaef37c0fd8ae36b04e78d0d525d43720c0a4c2e1f407ba
/root/autodl-tmp/value_alignment_benchmark/manifests/runs/paper_0726c6bf1530_7df3e726/caa_attention__Achievement__seed13.json,2407,f561bd2fa8a269967dbbeedad1452d15c1306eeeddd24e79685d2a4971a97890
/root/autodl-tmp/value_alignment_benchmark/manifests/runs/paper_0726c6bf1530_7df3e726/caa_attention__Power__seed13.json,2396,ce2e48594cbb28a729950b118c12a00f494b31bd87e14589b0b7f9729a6850ac
/root/autodl-tmp/value_alignment_benchmark/manifests/runs/paper_0726c6bf1530_7df3e726/caa_attention__Security__seed13.json,2402,5940231eeb9b4cbc5cde174a2e1ea4a8ad996b2886cb407658b3628520b02e42
/root/autodl-tmp/value_alignment_benchmark/manifests/runs/paper_0726c6bf1530_7df3e726/caa_attention__Conformity__seed13.json,2406,edd0b7eab5b7e0662057a1aaae760b5b81805c317ee1e9b001365ebb11f5f3d3
/root/autodl-tmp/value_alignment_benchmark/manifests/runs/paper_0726c6bf1530_7df3e726/caa_attention__Tradition__seed13.json,2406,80cfc4a32c950ea83f70655d48461fb8b5fd28f1838dfd838a98cd5d07eb15a2
/root/autodl-tmp/value_alignment_benchmark/manifests/runs/paper_0726c6bf1530_7df3e726/caa_attention__Benevolence__seed13.json,2409,58ce0d62fcab3b4dcc6abea117d5dc546ed11540570ff6e9d2d462d910744410
/root/autodl-tmp/value_alignment_benchmark/manifests/runs/paper_0726c6bf1530_7df3e726/caa_attention__Universalism__seed13.json,2410,3bd0dbe70febb5dbfc40912406fcd56818ae4b25439e4d6d894a2ad91eb5a2b6
/root/autodl-tmp/value_alignment_benchmark/steering/paper_0726c6bf1530_7df3e726/selection/Self_direction/residual/selection_grid.csv,1477,590e81689335a87342cad7171b20cc3e50ad5daa4976b7694a1c85c63dc0c8ae
/root/autodl-tmp/value_alignment_benchmark/steering/paper_0726c6bf1530_7df3e726/selection/Self_direction/residual/selected.json,700,847b841f20058b8ba5f732d14de385c1627c8f4a8806187311e83591d1fd624c
/root/autodl-tmp/value_alignment_benchmark/steering/paper_0726c6bf1530_7df3e726/selection/Stimulation/residual/selection_grid.csv,1408,59d241804b5fb61d8b82b586a3a9d0865a4385f5b94394aa814d4c35c8e29a3c
/root/autodl-tmp/value_alignment_benchmark/steering/paper_0726c6bf1530_7df3e726/selection/Stimulation/residual/selected.json,691,7a8fecf7e99af07ba2b25fb4ba6f6b7a4f7a4c3b669f7fd90e9331fab5f19bb0
/root/autodl-tmp/value_alignment_benchmark/steering/paper_0726c6bf1530_7df3e726/selection/Hedonism/residual/selection_grid.csv,1366,b678463a6e900fd812656ba92c44f7a83fe9961fc16bf7bb582ca4c2bc4d7b4c
/root/autodl-tmp/value_alignment_benchmark/steering/paper_0726c6bf1530_7df3e726/selection/Hedonism/residual/selected.json,689,e7aeb1ce00f456698f605e447f85a8334fe935579c3cd3fdecc68272d40429db
/root/autodl-tmp/value_alignment_benchmark/steering/paper_0726c6bf1530_7df3e726/selection/Achievement/residual/selection_grid.csv,1412,01a7b2a3593c5c8e8e098b08f725238428f42ff2ff41d686377bc295dd463aa4
/root/autodl-tmp/value_alignment_benchmark/steering/paper_0726c6bf1530_7df3e726/selection/Achievement/residual/selected.json,689,b60377931ff86260cee271a7c9a9b474ea80a918dc497c5f98dc396633b1a2ad
/root/autodl-tmp/value_alignment_benchmark/steering/paper_0726c6bf1530_7df3e726/selection/Power/residual/selection_grid.csv,1331,2273004b91ef9adda04244943b63a2281b70db3e6f5c03af0f221444a58c97b7
/root/autodl-tmp/value_alignment_benchmark/steering/paper_0726c6bf1530_7df3e726/selection/Power/residual/selected.json,683,be1eb84837b723e223ce6f0ad65ad194f01b049ffefe3f094a24ad9b5e3d734c
/root/autodl-tmp/value_alignment_benchmark/steering/paper_0726c6bf1530_7df3e726/selection/Security/residual/selection_grid.csv,1383,678e9f0dbb56093bd1a3364dbddfdce477f51e0dc2f78c31c291e5c3e6290f06
/root/autodl-tmp/value_alignment_benchmark/steering/paper_0726c6bf1530_7df3e726/selection/Security/residual/selected.json,690,bac9e2fa65c6ff488b42b23f10cde681dfda3da29365ca280830adc06df7d606
/root/autodl-tmp/value_alignment_benchmark/steering/paper_0726c6bf1530_7df3e726/selection/Conformity/residual/selection_grid.csv,1381,b131f5abf190f0fb36bbbf320cd1ca79310da8891f573b1f2ebd81ad295fdc98
/root/autodl-tmp/value_alignment_benchmark/steering/paper_0726c6bf1530_7df3e726/selection/Conformity/residual/selected.json,689,db5c6c1a0024c9e855ae2952f56a8b7319d2c1fdf585b46dd57f87613b932a41
/root/autodl-tmp/value_alignment_benchmark/steering/paper_0726c6bf1530_7df3e726/selection/Tradition/residual/selection_grid.csv,1390,9bd2181de25337333ddd5c250c1f93ccbed9df3446119834a2f200a1bdcc672c
/root/autodl-tmp/value_alignment_benchmark/steering/paper_0726c6bf1530_7df3e726/selection/Tradition/residual/selected.json,691,56b70b613b1b0b5cbe0ae62efff0c441464313dfdc61aa179bc77706674f784c
/root/autodl-tmp/value_alignment_benchmark/steering/paper_0726c6bf1530_7df3e726/selection/Benevolence/residual/selection_grid.csv,1407,7c53f286d1b65373c217ead8bec61679f61704109002b4f92b317237fad23684
/root/autodl-tmp/value_alignment_benchmark/steering/paper_0726c6bf1530_7df3e726/selection/Benevolence/residual/selected.json,693,e23a93436eab600f113d0f5b4e1e4f45118fbfd3a94850c70f090c2cc3ad2910
/root/autodl-tmp/value_alignment_benchmark/steering/paper_0726c6bf1530_7df3e726/selection/Universalism/residual/selection_grid.csv,1431,5036c31ab234d28ed4a2b562bc113e03eaf7aad680f505d42f705e963dd54174
/root/autodl-tmp/value_alignment_benchmark/steering/paper_0726c6bf1530_7df3e726/selection/Universalism/residual/selected.json,695,d36fa9385ed398a89f9a3229302d31da331f8b4c89337a481422843b7c4435b6
/root/autodl-tmp/value_alignment_benchmark/steering/paper_0726c6bf1530_7df3e726/selection/Self_direction/attention/selection_grid.csv,1489,dd5733be2129248c1ee046e12e46120e85334e8d91d610c97b1f03214eecee23
/root/autodl-tmp/value_alignment_benchmark/steering/paper_0726c6bf1530_7df3e726/selection/Self_direction/attention/selected.json,701,0171c7b521753fcea199ea26507c687c6d04dc24c89aa013d2d81d8f00c9056e
/root/autodl-tmp/value_alignment_benchmark/steering/paper_0726c6bf1530_7df3e726/selection/Stimulation/attention/selection_grid.csv,1440,a5c1b2cb2bb387c23f544ef5fc9f2d1743b606f72479bb071cb269cca2d71c3d
/root/autodl-tmp/value_alignment_benchmark/steering/paper_0726c6bf1530_7df3e726/selection/Stimulation/attention/selected.json,691,9bddea77482f44683ca27cb5f70daff9ad9df30b7d30334c29756e58d43c991b
/root/autodl-tmp/value_alignment_benchmark/steering/paper_0726c6bf1530_7df3e726/selection/Hedonism/attention/selection_grid.csv,1401,29864b4a9db770bc1a577c0636bbec1c37fd635032a69af549ebb35ded3d15d7
/root/autodl-tmp/value_alignment_benchmark/steering/paper_0726c6bf1530_7df3e726/selection/Hedonism/attention/selected.json,688,a4d9fc65f38d30b0cc33568f41f24f9e7ae6fc95ad490c9053f8ce79567b9742
/root/autodl-tmp/value_alignment_benchmark/steering/paper_0726c6bf1530_7df3e726/selection/Achievement/attention/selection_grid.csv,1436,ccbf298a27aa39d48ae78912a00bc07dc4c47bf2c1344a5efee228e341e8f38f
/root/autodl-tmp/value_alignment_benchmark/steering/paper_0726c6bf1530_7df3e726/selection/Achievement/attention/selected.json,695,e793bf7ec0ec3168528151bf0b8155eb82bac27cc14f00f9b88f5bd1dbb7aa24
/root/autodl-tmp/value_alignment_benchmark/steering/paper_0726c6bf1530_7df3e726/selection/Power/attention/selection_grid.csv,1367,e5181862329547c8d4ff8fd5ed5611466409b1a2cce32cfe2861c57a9ed49c99
/root/autodl-tmp/value_alignment_benchmark/steering/paper_0726c6bf1530_7df3e726/selection/Power/attention/selected.json,684,aa51780aca61f07bd0e0528657065e96643c119ab98de16ada28dc90fcafc3ba
/root/autodl-tmp/value_alignment_benchmark/steering/paper_0726c6bf1530_7df3e726/selection/Security/attention/selection_grid.csv,1422,ee32a0eec5735667ee6126b98e5fa502de7a1afaa1a1cfb3f8934a82ace5ff02
/root/autodl-tmp/value_alignment_benchmark/steering/paper_0726c6bf1530_7df3e726/selection/Security/attention/selected.json,689,8924986c489ddf9229d033cd86e0367e5d4099fe5915b7858cfe7ff4b1ec7bb1
/root/autodl-tmp/value_alignment_benchmark/steering/paper_0726c6bf1530_7df3e726/selection/Conformity/attention/selection_grid.csv,1416,7dbfc8357d7f4c4e5833de6a0ef8cdf88d30c4f7a68b6a5b8cec3634019a6b2f
/root/autodl-tmp/value_alignment_benchmark/steering/paper_0726c6bf1530_7df3e726/selection/Conformity/attention/selected.json,694,f6c95814a89d87df68e6a515184ffc97f2e1f0b6093a75c9369da53254666ccf
/root/autodl-tmp/value_alignment_benchmark/steering/paper_0726c6bf1530_7df3e726/selection/Tradition/attention/selection_grid.csv,1429,90ba85c4e3a731017a68b39ddcabae6de820f78ef1b3dc0884ba7f5a1179849d
/root/autodl-tmp/value_alignment_benchmark/steering/paper_0726c6bf1530_7df3e726/selection/Tradition/attention/selected.json,694,0ad032be64cb52fe8d3d2994801ced460f42d6ba8165326209f4e1fd7e142e87
/root/autodl-tmp/value_alignment_benchmark/steering/paper_0726c6bf1530_7df3e726/selection/Benevolence/attention/selection_grid.csv,1458,e870a64c233b4b8c73b11768adb067ac3e9f8b16d41a3b085a675ce25a0e158d
/root/autodl-tmp/value_alignment_benchmark/steering/paper_0726c6bf1530_7df3e726/selection/Benevolence/attention/selected.json,697,0fbefecd2aef8ece00807fa4444776608cbad97be41fd03d826639e2bd76e36b
/root/autodl-tmp/value_alignment_benchmark/steering/paper_0726c6bf1530_7df3e726/selection/Universalism/attention/selection_grid.csv,1473,85fd1b330df5cbf921cc264071732e80b740d82a47de61e209b72927b43faada
/root/autodl-tmp/value_alignment_benchmark/steering/paper_0726c6bf1530_7df3e726/selection/Universalism/attention/selected.json,699,dd0a3d23112308ffdaaac8f33f9d5ddc26066bd402d7c824c3e8b8e652a43139
/root/autodl-tmp/value_alignment_benchmark/baselines/preference_reference_margins_0726c6bf1530.parquet,32710,e2a69b30e6f5ceb5c6d40e66a408b0a9d7fe9834535a7d0850fb13e34ffd1547
/root/autodl-tmp/value_alignment_benchmark/data/teacher_quality_audit_0726c6bf1530.parquet,495817,8d661a8f4193228f48b6fca6745fcd34782900bb98675038122e9e6b88a2ffb9
